,drug_name,drug_type,smiles
0,Ciprofibrate,Inducer,CC(C)(OC1=CC=C(C=C1)[C@H]2CC2(Cl)Cl)C(O)=O
1,Clofibrate,"Substrate,Inducer",CCOC(=O)C(C)(C)OC1=CC=C(Cl)C=C1
2,Dexamethasone,Inducer,C[C@@H]1C[C@H]2[C@@H]3CCC4=CC(=O)C=C[C@]4(C)[C@@]3(F)[C@@H](O)C[C@]2(C)[C@@]1(O)C(=O)CO
3,Estrone,Substrate,C[C@]12CC[C@H]3[C@@H](CCC4=C3C=CC(O)=C4)[C@@H]1CCC2=O
4,Ethanol,Inducer,CCO
5,Lansoprazole,Inducer,CC1=C(CS(=O)C2=NC3=C(N2)C=CC=C3)N=CC=C1OCC(F)(F)F
6,"Mercury, Metallic",Inhibitor,[Hg]
7,Phenobarbital,Inducer,CC[C@@]1(C(=O)NC(=O)NC1=O)C2=CC=CC=C2
8,Rifampicin,Inducer,CO[C@H]1C=CO[C@@]2(C)OC3=C(C2=O)C4=C(O)C(C=NN5CCN(C)CC5)=C(NC(=O)C(C)=CC=C[C@H](C)[C@H](O)[C@@H](C)[C@@H](O)[C@@H](C)[C@H](OC(C)=O)[C@@H]1C)C(O)=C4C(O)=C3C
9,Valproic Acid,Inducer,CCCC(CCC)C(O)=O
10,Aminophenazone,Substrate,CN(C)C1=C(C)N(C)N(C2=CC=CC=C2)C1=O
11,Buprenorphine,Substrate,CO[C@@]12CC[C@]3(C[C@H]1[C@](C)(O)C(C)(C)C)[C@@H]4CC5=CC=C(O)C6=C5[C@]3(CCN4C[C@@H]7CC7)[C@@H]2O6
12,Clobazam,Substrate,CN1C(=O)CC(=O)N(C2=CC=CC=C2)C3=C1C=CC(Cl)=C3
13,Clotiazepam,Substrate,CCC1=CC2=C(S1)N(C)C(=O)CN=C2C3=C(Cl)C=CC=C3
14,Cyclophosphamide,Substrate,ClCCN(CCCl)[P@]1(=O)NCCCO1
15,Dapsone,Substrate,NC1=CC=C(C=C1)S(=O)(=O)C2=CC=C(N)C=C2
16,Diazepam,Substrate,CN1C(=O)CN=C(C2=CC=CC=C2)C3=C1C=CC(Cl)=C3
17,Diclofenac,Substrate,OC(=O)CC1=CC=CC=C1NC2=C(Cl)C=CC=C2Cl
18,Fluconazole,Inhibitor,OC(CN1C=NC=N1)(CN2C=NC=N2)C3=C(F)C=C(F)C=C3
19,Ifosfamide,Substrate,ClCCN[P@@]1(=O)OCCCN1CCCl
20,Imipramine,Substrate,CN(C)CCCN1C2=C(CCC3=C1C=CC=C3)C=CC=C2
21,Lidocain,Substrate,CCN(CC)CC(=O)NC1=C(C)C=CC=C1C
22,Mephenytoin,Substrate,CC[C@]1(NC(=O)N(C)C1=O)C2=CC=CC=C2
23,Methadone,Substrate,CCC(=O)C(C[C@H](C)N(C)C)(C1=CC=CC=C1)C2=CC=CC=C2
24,Omeprazole,Substrate,COC1=CC2=C(NC(=N2)S(=O)CC3=C(C)C(OC)=C(C)C=N3)C=C1
25,Perphenazine,Substrate,OCCN1CCN(CCCN2C3=C(SC4=C2C=C(Cl)C=C4)C=CC=C3)CC1
26,Phenazone,Substrate,CN1N(C(=O)C=C1C)C2=CC=CC=C2
27,Phenytoin,"Substrate,Inducer",O=C1NC(=O)[C@](N1)(C2=CC=CC=C2)C3=CC=CC=C3
28,Propofol,Substrate,CC(C)C1=CC=CC(C(C)C)=C1O
29,Thalidomide,Substrate,O=C1CC[C@@H](N2C(=O)C3=CC=CC=C3C2=O)C(=O)N1
30,Tolbutamide,Substrate,CCCCNC(=O)NS(=O)(=O)C1=CC=C(C)C=C1
31,Troleandomycin,Inhibitor,CO[C@H]1C[C@@H](O[C@@H](C)[C@@H]1OC(C)=O)O[C@H]2[C@H](C)[C@@H](O[C@@H]3O[C@H](C)C[C@@H]([C@H]3OC(C)=O)N(C)C)[C@@H](C)C[C@@]4(CO4)C(=O)[C@H](C)[C@H](OC(C)=O)[C@@H](C)[C@@H](C)OC(=O)[C@@H]2C
32,Warfarin,Substrate,CC(=O)C[C@H](C1=CC=CC=C1)C2=C(O)C3=C(OC2=O)C=CC=C3
33,Aldosterone,Inducer,C[C@]12CCC(=O)C=C1CC[C@H]3[C@@H]4CC[C@H](C(=O)CO)[C@]4(C[C@H](O)[C@H]23)C=O
34,Aminogluthetimide,Inhibitor,CC[C@]1(CCC(=O)NC1=O)C2=CC=C(N)C=C2
35,Androstanolone,Substrate,C[C@]12CC[C@H]3[C@@H](CC[C@H]4CC(=O)CC[C@]34C)[C@@H]1CC[C@@H]2O
36,Insulin (human),Inducer,CC[C@H](C)[C@H](NC(=O)CN)C(=O)N[C@@H](C(C)C)C(=O)N[C@@H](CCC(O)=O)C(=O)N[C@@H](CCC(N)=O)C(=O)N[C@H]1CSSC[C@@H]2NC(=O)[C@@H](NC(=O)[C@H](CO)NC(=O)[C@@H](NC(=O)[C@H](CSSC[C@H](NC(=O)[C@H](CC(C)C)NC(=O)[C@H](CC3=CN=CN3)NC(=O)[C@H](CCC(N)=O)NC(=O)[C@H](CC(N)=O)NC(=O)[C@@H](NC(=O)[C@@H](N)CC4=CC=CC=C4)C(C)C)C(=O)NCC(=O)N[C@@H](CO)C(=O)N[C@@H](CC5=CN=CN5)C(=O)N[C@@H](CC(C)C)C(=O)N[C@@H](C(C)C)C(=O)N[C@@H](CCC(O)=O)C(=O)N[C@@H](C)C(=O)N[C@@H](CC(C)C)C(=O)N[C@@H](CC6=CC=C(O)C=C6)C(=O)N[C@@H](CC(C)C)C(=O)N[C@@H](C(C)C)C(=O)N[C@@H](CSSC[C@H](NC(=O)[C@H](CC7=CC=C(O)C=C7)NC(=O)[C@H](CC(N)=O)NC(=O)[C@H](CCC(O)=O)NC(=O)[C@H](CC(C)C)NC(=O)[C@H](CCC(N)=O)NC(=O)[C@H](CC8=CC=C(O)C=C8)NC(=O)[C@H](CC(C)C)NC(=O)[C@H](CO)NC2=O)C(=O)N[C@@H](CC(N)=O)C(O)=O)C(=O)NCC(=O)N[C@@H](CCC(O)=O)C(=O)N[C@@H](CCCNC(N)=N)C(=O)NCC(=O)N[C@@H](CC9=CC=CC=C9)C(=O)N[C@@H](CC%10=CC=CC=C%10)C(=O)N[C@@H](CC%11=CC=C(O)C=C%11)C(=O)N[C@@H]([C@@H](C)O)C(=O)N%12CCC[C@H]%12C(=O)N[C@@H](CCCCN)C(=O)N[C@@H]([C@@H](C)O)C(O)=O)NC1=O)[C@@H](C)O)[C@@H](C)CC
37,Metoclopramide,Inhibitor,CCN(CC)CCNC(=O)C1=C(OC)C=C(N)C(Cl)=C1
38,Progesterone,Inhibitor,CC(=O)[C@@H]1CC[C@@H]2[C@H]3CCC4=CC(=O)CC[C@@]4(C)[C@@H]3CC[C@]12C
39,[32P]Natriumphosphat,Substrate,OP([O-])([O-])=O
40,Cefmetazole,Substrate,CO[C@]1(NC(=O)CSCC#N)[C@H]2SCC(CSC3=NN=NN3C)=C(N2C1=O)C(O)=O
41,Cefoperazone,Substrate,CCN1CCN(C(=O)N[C@@H](C(=O)N[C@H]2[C@H]3SCC(CSC4=NN=NN4C)=C(N3C2=O)C(O)=O)C5=CC=C(O)C=C5)C(=O)C1=O
42,Ceftriaxone,Substrate,CON=C(/C(=O)N[C@H]1[C@H]2SCC(CSC3=NC(=O)C(O)=NN3C)=C(N2C1=O)C(O)=O)C4=CSC(N)=N4
43,Dactinomycin,Inhibitor,CC(C)[C@@H]1NC(=O)[C@H](NC(=O)C2=C3N=C4C(OC3=C(C)C=C2)=C(C)C(=O)C(N)=C4C(=O)N[C@@H]5[C@H](C)OC(=O)[C@@H](C(C)C)N(C)C(=O)CN(C)C(=O)[C@H]6CCCN6C(=O)[C@@H](NC5=O)C(C)C)[C@H](C)OC(=O)[C@@H](C(C)C)N(C)C(=O)CN(C)C(=O)[C@H]7CCCN7C1=O
44,Docetaxel,"Inhibitor,Substrate",CC(=O)O[C@@]12CO[C@@H]1C[C@H](O)[C@]3(C)[C@@H]2[C@H](OC(=O)C4=CC=CC=C4)[C@]5(O)C[C@H](OC(=O)[C@@H](O)[C@@H](NC(=O)OC(C)(C)C)C6=CC=CC=C6)C(C)=C([C@@H](O)C3=O)C5(C)C
45,Estradiol,Substrate,C[C@@]12CC[C@H]3[C@@H](CCC4=C3C=CC(O)=C4)[C@@H]1CC[C@H]2O
46,Fluvastatin,Substrate,CC(C)N1C2=C(C=CC=C2)C(C3=CC=C(F)C=C3)=C1C=C[C@H](O)C[C@H](O)CC(O)=O
47,Hydroxycarbamide,Substrate,NC(=O)NO
48,Methotrexate,Substrate,CN(CC1=NC2=C(N=C1)N=C(N)N=C2N)C3=CC=C(C=C3)C(=O)N[C@@H](CCC(O)=O)C(O)=O
49,Mitoxantrone,Inhibitor,OCCNCCNC1=CC=C(NCCNCCO)C2=C1C(=O)C3=C(O)C=CC(O)=C3C2=O
50,Paclitaxel,"Substrate,Inhibitor",CC(=O)O[C@H]1C(=O)[C@]2(C)[C@@H](O)C[C@H]3OC[C@@]3(OC(C)=O)[C@H]2[C@H](OC(=O)C4=CC=CC=C4)[C@]5(O)C[C@H](OC(=O)[C@H](O)[C@@H](NC(=O)C6=CC=CC=C6)C7=CC=CC=C7)C(C)=C1C5(C)C
51,Pancreozymin (cholecystokinin),Substrate,CC[C@H](C)[C@@H](NC(=O)[C@H](CCCNC(N)=N)NC(=O)[C@H](CC1=CNC=N1)NC(=O)[C@H](CO)NC(=O)[C@H]2CCCN2C(=O)[C@H](CC(O)=O)NC(=O)[C@H](CC(C)C)NC(=O)[C@H](CC(N)=O)NC(=O)[C@H](CCC(N)=O)NC(=O)[C@H](CC(C)C)NC(=O)[C@H](CC(N)=O)NC(=O)[C@H](CCCCN)NC(=O)[C@H](NC(=O)[C@H](NC(=O)[C@H](CO)NC(=O)[C@H](CCSC)NC(=O)[C@H](CCCNC(N)=N)NC(=O)CNC(=O)[C@H](CO)NC(=O)[C@H]3CCCN3C(=O)[C@H](C)NC(=O)[C@@H](N)CCCCN)[C@H](C)CC)C(C)C)C(=O)N[C@@H](CO)C(=O)N[C@@H](CC(O)=O)C(=O)N[C@@H](CCCNC(N)=N)C(=O)N[C@@H](CC(O)=O)C(=O)N[C@H](C(=O)N[C@@H](CCSC)C(=O)NCC(=O)N[C@@H](CC4=CNC5=C4C=CC=C5)C(=O)N[C@@H](CCSC)C(=O)N[C@@H](CC(O)=O)C(=O)N[C@@H](CC6=CC=CC=C6)C(N)=O)C7=CC=C(OS(O)(=O)=O)C=C7
52,Sulfobromophthalein,Substrate,OC1=C(C=C(C=C1)[C@@]2(OC(=O)C3=C(Br)C(Br)=C(Br)C(Br)=C23)C4=CC(=C(O)C=C4)S(O)(=O)=O)S(O)(=O)=O
53,Technetium (99mTc) Mebrofenin,Substrate,CC1=C(Br)C(C)=C(NC(=O)CN(CC(O)=O)CC(O)=O)C(C)=C1
54,Telithromycin,Inhibitor,CC[C@H]1OC(=O)[C@H](C)C(=O)[C@H](C)[C@@H](O[C@@H]2O[C@H](C)C[C@@H]([C@H]2O)N(C)C)[C@@](C)(C[C@@H](C)C(=O)[C@H](C)[C@H]3N(CCCCN4C=NC(=C4)C5=CC=CN=C5)C(=O)O[C@]13C)OC
55,Testosterone,Substrate,CCC(=O)O[C@H]1CC[C@H]2[C@@H]3CCC4=CC(=O)CC[C@]4(C)[C@H]3CC[C@]12C
56,Anastrozole,Inhibitor,CC(C)(C#N)C1=CC(CN2C=NC=N2)=CC(=C1)C(C)(C)C#N
57,Betamethason,"Inducer,Substrate",C[C@H]1C[C@H]2[C@@H]3CCC4=CC(=O)C=C[C@]4(C)[C@@]3(F)[C@@H](O)C[C@]2(C)[C@@]1(O)C(=O)CO
58,Bifonazole,Inhibitor,C1=CC=C(C=C1)[C@H](N2C=CN=C2)C3=CC=C(C=C3)C4=CC=CC=C4
59,Bucladesine,Inducer,CCCC(=O)NC1=C2N=CN([C@@H]3O[C@@H]4CO[P@](O)(=O)O[C@H]4[C@H]3OC(=O)CCC)C2=NC=N1
60,Buserelin,Inducer,CCNC(=O)[C@H]1CCCN1C(=O)[C@H](CCCNC(N)=N)NC(=O)[C@H](CC(C)C)NC(=O)[C@H](COC(C)(C)C)NC(=O)[C@H](CC2=CC=C(O)C=C2)NC(=O)[C@H](CO)NC(=O)[C@H](CC3=CNC4=CC=CC=C34)NC(=O)[C@H](CC5=CNC=N5)NC(=O)[C@H]6CCC(=O)N6
61,Clofenotane,Inhibitor,ClC1=CC=C(C=C1)C(C2=CC=C(Cl)C=C2)C(Cl)(Cl)Cl
62,Clomifene,Inhibitor,CCN(CC)CCOC1=CC=C(C=C1)C(=C(/Cl)C2=CC=CC=C2)C3=CC=CC=C3
63,Clonidine,Inducer,ClC1=CC=CC(Cl)=C1NC2=NCCN2
64,Clotrimazole,Inhibitor,ClC1=C(C=CC=C1)C(N2C=CN=C2)(C3=CC=CC=C3)C4=CC=CC=C4
65,Cyproterone,Inhibitor,CC(=O)[C@@]1(O)CC[C@H]2[C@@H]3C=C(Cl)C4=CC(=O)[C@@H]5C[C@@H]5[C@]4(C)[C@H]3CC[C@]12C
66,Danazol,Inhibitor,C[C@]12CC3=C(ON=C3)C=C1CC[C@@H]4[C@@H]2CC[C@@]5(C)[C@H]4CC[C@@]5(O)C#C
67,Dibutylphthalate,Inducer,CCCCOC(=O)C1=C(C=CC=C1)C(=O)OCCCC
68,Diethylstilbestrol,Inducer,CCC(C1=CC=C(O)C=C1)=C(CC)C2=CC=C(O)C=C2
69,Dinoprostone,Inducer,CCCCC[C@H](O)\C=C\[C@H]1[C@H](O)CC(=O)[C@@H]1C\C=C/CCCC(O)=O
70,Dopamine,Inhibitor,NCCC1=CC(O)=C(O)C=C1
71,Econazole,Inhibitor,ClC1=CC=C(CO[C@@H](C[C@H]2C=NC=N2)C3=C(Cl)C=C(Cl)C=C3)C=C1
72,Etomidate,Inhibitor,CCOC(=O)C1=CN=CN1[C@@H](C)C2=CC=CC=C2
73,Etretinate,Inhibitor,CCOC(=O)C=C(C)C=CC=C(C)C=CC1=C(C)C(C)=C(OC)C=C1C
74,Exemestane,Inhibitor,C[C@]12CC[C@H]3[C@@H](CC(=C)C4=CC(=O)C=C[C@]34C)[C@@H]1CCC2=O
75,Formestane,Inhibitor,C[C@]12CC[C@H]3[C@@H](CCC4=C(O)C(=O)CC[C@]34C)[C@@H]1CCC2=O
76,Glutathione,Inducer,N[C@@H](CCC(=O)N[C@@H](CS)C(=O)NCC(O)=O)C(O)=O
77,Isoconazole,Inhibitor,ClC1=CC(Cl)=C(C=C1)[C@H](CN2C=CN=C2)OCC3=C(Cl)C=CC=C3Cl
78,Isoprenaline,Inducer,CC(C)NC[C@H](O)C1=CC(O)=C(O)C=C1
79,Itraconazole,Inhibitor,CC[C@H](C)N1N=CN(C1=O)C2=CC=C(C=C2)N3CCN(CC3)C4=CC=C(OC[C@H]5CO[C@@](CN6C=NC=N6)(O5)C7=C(Cl)C=C(Cl)C=C7)C=C4
80,Letrozole,"Inhibitor,Substrate",N#CC1=CC=C(C=C1)C(N2C=NC=N2)C3=CC=C(C=C3)C#N
81,Levacetylmethadol,Substrate,CC[C@H](OC(C)=O)C(C[C@H](C)N(C)C)(C1=CC=CC=C1)C2=CC=CC=C2
82,Levonorgestrel,Inhibitor,CC[C@]12CC[C@H]3[C@@H](CCC4=CC(=O)CC[C@H]34)[C@@H]1CC[C@@]2(O)C#C
83,Mefloquine,Inhibitor,O[C@H]([C@H]1CCCCN1)C2=CC(=NC3=C2C=CC=C3C(F)(F)F)C(F)(F)F
84,Melatonin,Inhibitor,COC1=CC2=C(NC=C2CCNC(C)=O)C=C1
85,Methyltestosterone,Inducer,[H][C@@]12CC[C@](C)(O)[C@@]1(C)CC[C@@]1([H])[C@@]2([H])CCC2=CC(=O)CC[C@]12C
86,Miconazole,Inhibitor,ClC1=CC=C(CO[C@H](CN2C=CN=C2)C3=CC=C(Cl)C=C3Cl)C(Cl)=C1
87,Nandrolone,Substrate,C[C@]12CC[C@H]3[C@@H](CCC4=CC(=O)CC[C@H]34)[C@@H]1CC[C@@H]2O
88,Norepinephrine,Inhibitor,NC[C@@H](O)C1=CC(O)=C(O)C=C1
89,Oxycodone,Inhibitor,COC1=CC=C2C[C@H]3N(C)CC[C@@]45[C@@H](OC1=C24)C(=O)CC[C@@]35O
90,Phenylephrine,Inducer,CNC[C@H](O)C1=CC(O)=CC=C1
91,Prasterone,Substrate,C[C@]12CC[C@H]3[C@@H](CC=C4C[C@@H](O)CC[C@]34C)[C@@H]1CCC2=O
92,Raloxifene,Inhibitor,OC1=CC=C(C=C1)C2=C(C(=O)C3=CC=C(OCCN4CCCCC4)C=C3)C5=CC=C(O)C=C5S2
93,Tamoxifen,Inhibitor,CCC(C1=CC=CC=C1)=C(/C2=CC=CC=C2)C3=CC=C(OCCN(C)C)C=C3
94,Terbinafine,Inhibitor,CN(CC=CC#CC(C)(C)C)CC1=C2C=CC=CC2=CC=C1
95,Tibolone,Inhibitor,C[C@@H]1CC2=C(CCC(=O)C2)[C@H]3CC[C@@]4(C)[C@@H](CC[C@@]4(O)C#C)[C@H]13
96,Tinidazole,Inhibitor,CCS(=O)(=O)CCN1C(C)=NC=C1[N+]([O-])=O
97,Tioconazole,Inhibitor,ClC1=CC(Cl)=C(C=C1)[C@@H](CN2C=CN=C2)OCC3=C(Cl)SC=C3
98,Trastuzumab,Inhibitor,NCC=C
99,Troglitazone,Inhibitor,CC1=C(C)C2=C(CC[C@](C)(COC3=CC=C(C[C@@H]4SC(=O)NC4=O)C=C3)O2)C(C)=C1O
100,Vorozole,Inhibitor,CN1N=NC2=C1C=C(C=C2)[C@@H](N3C=NC=N3)C4=CC=C(Cl)C=C4
101,Inosine,Inhibitor,OC[C@H]1O[C@H]([C@H](O)[C@@H]1O)N2C=NC3=C(O)N=CN=C23
102,Mercaptopurine,Substrate,S=C1NC=NC2=C1NC=N2
103,Ribavirin,Substrate,NC(=O)C1=NN(C=N1)[C@@H]2O[C@H](CO)[C@@H](O)[C@H]2O
104,Tioguanine,Substrate,NC1=NC2=C(N=CN2)C(=S)N1
105,Tretinoin,Inducer,CC1=C(C=CC(C)=CC=CC(C)=CC(O)=O)C(C)(C)CCC1
106,Cisplatin,Substrate,N[Pt](N)(Cl)Cl
107,Silver,Inhibitor,[Ag]
108,Cefalexin,Substrate,CC1=C(N2[C@H](SC1)[C@H](NC(=O)[C@H](N)C3=CC=CC=C3)C2=O)C(O)=O
109,Chloroquine,"Inhibitor,Substrate",CCN(CC)CCC[C@@H](C)NC1=CC=NC2=C1C=CC(Cl)=C2
110,Mephenoxalone,Substrate,COC1=C(OC[C@H]2CNC(=O)O2)C=CC=C1
111,Metformin,Substrate,CN(C)C(=N)NC(N)=N
112,Trimethoprim,Inhibitor,COC1=CC(CC2=C(N)N=C(N)N=C2)=CC(OC)=C1OC
113,Acarbose,"Inducer,Inhibitor",C[C@H]1O[C@H](O[C@H]2[C@H](O)[C@@H](O)[C@H](O[C@@H]2CO)O[C@H]3[C@H](O)[C@@H](O)[C@@H](O)O[C@@H]3CO)[C@H](O)[C@@H](O)[C@@H]1N[C@H]4C=C(CO)[C@@H](O)[C@H](O)[C@H]4O
114,Acetic Acid,Substrate,CC(O)=O
115,Ademetionine,"Inhibitor,Substrate",C[S+](CC[C@H](N)C([O-])=O)C[C@H]1O[C@H]([C@H](O)[C@@H]1O)N2C=NC3=C(N)N=CN=C23
116,Allopurinol,Inhibitor,OC1=NC=NC2=C1C=NN2
117,Alosetron,Inhibitor,CN1C2=C(C(=O)N(CC2)CC3=C(C)N=CN3)C4=C1C=CC=C4
118,Aminophylline,Substrate,CN1C(=O)N(C)C2=C(NC=N2)C1=O
119,Amitriptyline,"Substrate,Inhibitor",CN(C)CCC=C1/C2=C(CCC3=C1C=CC=C3)C=CC=C2
120,Azelastine,Inhibitor,CN1CCC[C@@H](CC1)N2N=C(CC3=CC=C(Cl)C=C3)C4=CC=CC=C4C2=O
121,Benzocaine,Inhibitor,CCOC(=O)C1=CC=C(N)C=C1
122,Benzydamine,Substrate,CN(C)CCCOC1=NN(CC2=CC=CC=C2)C3=C1C=CC=C3
123,Bromazepam,Inhibitor,BrC1=CC2=C(NC(=O)CN=C2C3=CC=CC=N3)C=C1
124,Brompheniramine,Substrate,CN(C)CC[C@@H](C1=CC=C(Br)C=C1)C2=CC=CC=N2
125,Bupropion,Substrate,C[C@H](NC(C)(C)C)C(=O)C1=CC(Cl)=CC=C1
126,Caffeine,Substrate,CN1C=NC2=C1C(=O)N(C)C(=O)N2C
127,Capsaicin,Substrate,COC1=C(O)C=CC(CNC(=O)CCCCC=CC(C)C)=C1
128,Carbamide,Inducer,NC(N)=O
129,Carbinoxamine,Substrate,CN(C)CCO[C@@H](C1=CC=C(Cl)C=C1)C2=NC=CC=C2
130,Carvedilol,Substrate,COC1=C(OCCNC[C@@H](O)COC2=CC=CC3=C2C4=CC=CC=C4N3)C=CC=C1
131,Chloroform,Substrate,ClC(Cl)Cl
132,Chloroxylenol,Substrate,CC1=CC(O)=CC(C)=C1Cl
133,Chlorpromazine,Inhibitor,CN(C)CCCN1C2=C(SC3=C1C=C(Cl)C=C3)C=CC=C2
134,Chlorzoxazone,"Inhibitor,Substrate",OC1=NC2=C(O1)C=CC(Cl)=C2
135,Cimetidine,Inhibitor,CNC(NCCSCC1=C(C)NC=N1)=N/C#N
136,Ciprofloxacin,Inducer,OC(=O)C1=CN([C@H]2CC2)C3=CC(N4CCNCC4)=C(F)C=C3C1=O
137,Citalopram,Substrate,CN(C)CCC[C@@]1(OCC2=C1C=CC(=C2)C#N)C3=CC=C(F)C=C3
138,Clomethiazole,Inhibitor,CC1=C(CCCl)SC=N1
139,Clozapine,Inhibitor,CN1CCN(CC1)C2=NC3=C(NC4=C2C=CC=C4)C=CC(Cl)=C3
140,Colchicine,Inducer,COC1=CC=C2C(=CC1=O)[C@H](CCC3=CC(OC)=C(OC)C(OC)=C23)NC(C)=O
141,Dacarbazine,Substrate,CN(C)N=NC1=C(N=CN1)C(N)=O
142,Desipramine,Inhibitor,CNCCCN1C2=C(CCC3=C1C=CC=C3)C=CC=C2
143,Dexfenfluramine,Inhibitor,CCN[C@@H](C)CC1=CC(=CC=C1)C(F)(F)F
144,Dextromethorphan,Substrate,COC1=CC2=C(C[C@H]3[C@H]4CCCC[C@@]24CCN3C)C=C1
145,Diethyl Ether,Inducer,CCOCC
146,Diethyltoluamide,Substrate,CCN(CC)C(=O)C1=CC=CC(C)=C1
147,Disulfiram,"Substrate,Inhibitor",CCN(CC)C(=S)SSC(=S)N(CC)CC
148,Dorzolamide,Substrate,CCN[C@@H]1C[C@@H](C)S(=O)(=O)C2=C1C=C(S2)S(N)(=O)=O
149,Enflurane,Substrate,FC(F)OC(F)(F)[C@H](F)Cl
150,Entacapone,Inhibitor,CCN(CC)C(=O)C(=CC1=CC(=C(O)C(O)=C1)[N+]([O-])=O)C#N
151,Eszopiclone,Substrate,CN1CCN(CC1)C(=O)O[C@@H]1N(C(=O)C2=NC=CN=C12)C1=NC=C(Cl)C=C1
152,Ethosuximide,Substrate,CC[C@]1(C)CC(=O)NC1=O
153,Etoposide,Substrate,COC1=CC(=CC(OC)=C1O)[C@H]2[C@@H]3[C@H](COC3=O)[C@H](O[C@@H]4O[C@@H]5CO[C@@H](C)O[C@H]5[C@H](O)[C@H]4O)C6=CC7=C(OCO7)C=C26
154,Etoricoxib,Inhibitor,CC1=NC=C(C=C1)C2=C(C=C(Cl)C=N2)C3=CC=C(C=C3)S(C)(=O)=O
155,Felbamate,Substrate,NC(=O)OCC(COC(N)=O)C1=CC=CC=C1
156,Flufenamic Acid,Inducer,OC(=O)C1=CC=CC=C1NC2=CC=CC(=C2)C(F)(F)F
157,Flumequine,Inhibitor,C[C@@H]1CCC2=CC(F)=CC3=C2N1C=C(C(O)=O)C3=O
158,Fluoxetine,Substrate,CNCC[C@@H](OC1=CC=C(C=C1)C(F)(F)F)C2=CC=CC=C2
159,Fluphenazine,Inhibitor,OCCN1CCN(CCCN2C3=C(SC4=C2C=C(C=C4)C(F)(F)F)C=CC=C3)CC1
160,Flurazepam,Inhibitor,CCN(CC)CCN1C(=O)CN=C(C2=C(F)C=CC=C2)C3=C1C=CC(Cl)=C3
161,Fluvoxamine,Substrate,COCCCCC(=N/OCCN)C1=CC=C(C=C1)C(F)(F)F
162,Folic Acid,Substrate,NC1=NC(=O)C2=C(N1)N=CC(CNC3=CC=C(C=C3)C(=O)N[C@@H](CCC(O)=O)C(O)=O)=N2
163,Fomepizole,Inhibitor,CC1=CNN=C1
164,Furosemide,Substrate,NS(=O)(=O)C1=CC(C(O)=O)=C(NCC2=CC=CO2)C=C1Cl
165,Glucosamine,Substrate,N[C@@H]1[C@@H](O)O[C@@H](CO)[C@H](O)[C@H]1O
166,Glucose,Inhibitor,OC[C@H]1O[C@@H](O)[C@H](O)[C@@H](O)[C@@H]1O
167,Glycerol,Inducer,OCC(O)CO
168,Halothane,Substrate,FC(F)(F)[C@@H](Cl)Br
169,Histamine,Inducer,NCCC1=CNC=N1
170,Ipriflavone,Inducer,CC(C)OC1=CC2=C(C=C1)C(=O)C(=CO2)C3=CC=CC=C3
171,Isoflurane,Substrate,FC(F)O[C@@H](Cl)C(F)(F)F
172,Isoniazid,"Inducer,Inhibitor,Substrate",NNC(=O)C1=CC=NC=C1
173,Isopropanol,"Inducer,Inhibitor",CC(C)O
174,Isosorbide Dinitrate,Inhibitor,[O-][N+](=O)O[C@@H]1CO[C@@H]2[C@H](CO[C@H]12)O[N+]([O-])=O
175,Ketoconazole,Inhibitor,CC(=O)N1CCN(CC1)C2=CC=C(OC[C@@H]3CO[C@](CN4C=CN=C4)(O3)C5=C(Cl)C=C(Cl)C=C5)C=C2
176,Levocarnitine,Substrate,C[N+](C)(C)C[C@H](O)CC([O-])=O
177,Levomepromazine,Inhibitor,COC1=CC2=C(SC3=C(C=CC=C3)N2C[C@H](C)CN(C)C)C=C1
178,Medazepam,Inhibitor,CN1CCN=C(C2=CC=CC=C2)C3=C1C=CC(Cl)=C3
179,Medrysone,Inhibitor,C[C@H]1C[C@@H]2[C@@H]3CC[C@H](C(C)=O)[C@@]3(C)C[C@@H](O)[C@H]2[C@@]4(C)CCC(=O)C=C14
180,Menadione,Substrate,CC1=CC(=O)C2=C(C=CC=C2)C1=O
181,Meprobamate,Substrate,CCCC(C)(COC(N)=O)COC(N)=O
182,Methazolamide,Inhibitor,CN1N=C(SC1=NC(C)=O)S(N)(=O)=O
183,Methoxyflurane,Substrate,COC(F)(F)C(Cl)Cl
184,Metyrapone,Inhibitor,CC(C)(C1=CC=CN=C1)C(=O)C2=CC=CN=C2
185,Mexiletine,Substrate,C[C@H](N)COC1=C(C)C=CC=C1C
186,Mizolastine,Inhibitor,CN([C@H]1CCN(CC1)C2=NC3=C(C=CC=C3)N2CC4=CC=C(F)C=C4)C5=NC=CC(=O)N5
187,Monoethanolamine Oleate,Substrate,CCCCCCCCC=CCCCCCCCC(O)=O
188,Nicardipine,Substrate,COC(=O)C1=C(C)NC(C)=C([C@@H]1C2=CC(=CC=C2)[N+]([O-])=O)C(=O)OCCN(C)CC3=CC=CC=C3
189,Nicotinamide,Inhibitor,NC(=O)C1=CC=CN=C1
190,Nicotine,"Inducer,Inhibitor,Substrate",CN1CCC[C@H]1C2=CC=CN=C2
191,Nifedipine,Inhibitor,COC(=O)C1=C(C)NC(C)=C([C@H]1C2=C(C=CC=C2)[N+]([O-])=O)C(=O)OC
192,Nilvadipine,Substrate,COC(=O)C1=C(NC(C)=C([C@H]1C2=CC(=CC=C2)[N+]([O-])=O)C(=O)OC(C)C)C#N
193,Nortriptyline,Inhibitor,CNCCC=C1/C2=C(CCC3=C1C=CC=C3)C=CC=C2
194,Ondansetron,Substrate,CN1C2=C(C(=O)[C@H](CC2)CN3C=CN=C3C)C4=CC=CC=C14
195,Oxaliplatin,Substrate,N[C@@H]1CCCC[C@H]1N
196,Paracetamol,"Inducer,Substrate",CC(=O)NC1=CC=C(O)C=C1
197,Paraoxon,Substrate,CCOP(=O)(OCC)OC1=CC=C(C=C1)[N+]([O-])=O
198,Pargyline,Inhibitor,CN(CC#C)CC1=CC=CC=C1
199,Perazine,Substrate,CN1CCN(CCCN2C3=C(SC4=C2C=CC=C4)C=CC=C3)CC1
200,Phenacetin,Substrate,CCOC1=CC=C(NC(C)=O)C=C1
201,Phenol,Substrate,OC1=CC=CC=C1
202,Pilocarpine,Substrate,CC[C@H]1[C@H](COC1=O)CC2=CN=CN2C
203,Pimozide,Inhibitor,FC1=CC=C(C=C1)C(CCCN2CC[C@@H](CC2)N3C(=O)NC4=C3C=CC=C4)C5=CC=C(F)C=C5
204,Proguanil,Substrate,CC(C)NC(=N)NC(=N)NC1=CC=C(Cl)C=C1
205,Quinidine,Substrate,COC1=CC2=C(C=CN=C2C=C1)[C@H](O)[C@H]3C[C@@H]4CCN3C[C@@H]4C=C
206,Retinol (vit A),"Inducer,Substrate",CC(=C/CO)C=CC=C(C)C=CC1=C(C)CCCC1(C)C
207,Ritonavir,Inhibitor,CC(C)[C@@H](NC(=O)N(C)CC1=CSC(=N1)C(C)C)C(=O)N[C@H](C[C@H](O)[C@H](CC2=CC=CC=C2)NC(=O)OCC3=CN=CS3)CC4=CC=CC=C4
208,Salicylic Acid,Inducer,OC(=O)C1=C(O)C=CC=C1
209,Selegiline,Inhibitor,C[C@H](CC1=CC=CC=C1)N(C)CC#C
210,Sevoflurane,Substrate,FCOC(C(F)(F)F)C(F)(F)F
211,Sildenafil,Inhibitor,CCCC1=NN(C)C2=C1N=C(NC2=O)C3=C(OCC)C=CC(=C3)S(=O)(=O)N4CCN(C)CC4
212,Sodium Chloride,Inducer,[Na+].[Cl-]
213,Sodium Salicylate,Inducer,CO[C@@H](CNC(=O)C1=C(OCC([O-])=O)C=CC=C1)C[Hg]O
214,Streptozocin,Inducer,CN(N=O)C(=O)N[C@H]1[C@@H](O)O[C@H](CO)[C@@H](O)[C@@H]1O
215,Sulconazole,Inhibitor,ClC1=CC=C(CS[C@H](CN2C=CN=C2)C3=C(Cl)C=C(Cl)C=C3)C=C1
216,Sulfadiazine,Substrate,NC1=CC=C(C=C1)S(=O)(=O)NC2=NC=CC=N2
217,Sulfanilamide,Inhibitor,NC1=CC=C(C=C1)S(N)(=O)=O
218,Tegafur,Substrate,FC1=CN([C@H]2CCCO2)C(=O)NC1=O
219,Tegaserod,Inhibitor,CCCCCNC(=N)NN=CC1=CNC2=C1C=C(CO)C=C2
220,Tenofovir Disoproxil,Inhibitor,CC(C)OC(=O)OCOP(=O)(CO[C@H](C)CN1C=NC2=C1N=CN=C2N)OCOC(=O)OC(C)C
221,Theobromine,Substrate,CN1C=NC2=C1C(=O)NC(=O)N2C
222,Theophylline,Substrate,CN1C(=O)N(C)C2=C(NC=N2)C1=O
223,Thiamazole,Inhibitor,CN1C=CNC1=S
224,Thiopental,Inhibitor,CCC[C@@H](C)[C@]1(CC)C(=O)NC(S)=NC1=O
225,Thioridazine,Inhibitor,CSC1=CC2=C(SC3=C(C=CC=C3)N2CC[C@@H]4CCCCN4C)C=C1
226,Thiosulfate,Inhibitor,[O-]S([S-])(=O)=O
227,Thiram,Substrate,CN(C)C(=S)SSC(=S)N(C)C
228,Ticlopidine,Inhibitor,ClC1=C(CN2CCC3=C(C2)C=CS3)C=CC=C1
229,Tiopronin,Inhibitor,C[C@H](S)C(=O)NCC(O)=O
230,Tocopherol (vit E),Inhibitor,CC(C)CCC[C@@H](C)CCC[C@@H](C)CCC[C@]1(C)CCC2=C(O1)C(C)=C(C)C(O)=C2
231,Trabectedin,Substrate,COC1=C(O)C=C2CCN[C@]3(CS[C@H]4[C@H]5[C@@H]6N(C)[C@@H](CC7=CC(C)=C(OC)C(O)=C67)[C@H](O)N5[C@@H](COC3=O)C8=C4C(OC(C)=O)=C(C)C9=C8OCO9)C2=C1
232,Tranylcypromine,Inhibitor,N[C@H]1C[C@@H]1C2=CC=CC=C2
233,Trichloroethylene,"Substrate,Inhibitor",ClC=C(Cl)Cl
234,Trimethadione,Substrate,CN1C(=O)OC(C)(C)C1=O
235,Trospium,Inhibitor,OC(C(=O)O[C@@H]1C[C@@H]2CC[C@H](C1)[N@@]23CCCC3)(C4=CC=CC=C4)C5=CC=CC=C5
236,Ursodeoxycholic Acid,"Inducer,Inhibitor",C[C@H](CCC(O)=O)[C@H]1CC[C@H]2[C@@H]3[C@@H](O)C[C@@H]4C[C@H](O)CC[C@]4(C)[C@H]3CC[C@]12C
237,Vincamine,Substrate,CC[C@@]12CCCN3CCC4=C([C@H]13)N(C5=C4C=CC=C5)[C@](O)(C2)C(=O)OC
238,Voglibose,Inducer,OCC(CO)N[C@H]1C[C@@](O)(CO)[C@H](O)[C@@H](O)[C@@H]1O
239,Zafirlukast,Inhibitor,COC1=C(CC2=CN(C)C3=C2C=C(NC(=O)O[C@H]4CCCC4)C=C3)C=CC(=C1)C(=O)NS(=O)(=O)C5=CC=CC=C5C
240,Zopiclone,Substrate,CN1CCN(CC1)C(=O)O[C@H]2N(C(=O)C3=NC=CN=C23)C4=CC=C(Cl)C=N4
241,Acetylsalicylic Acid,Inducer,CC(=O)OC1=C(C=CC=C1)C(O)=O
242,Adriamycin,Substrate,COC1=CC=CC2=C1C(=O)C3=C(O)C4=C(C[C@](O)(C[C@@H]4O[C@H]5C[C@H](N)[C@H](O)[C@H](C)O5)C(=O)CO)C(O)=C3C2=O
243,Amyl Nitrite,Substrate,CC(C)CCON=O
244,Artemisinin,"Inhibitor,Substrate",C[C@@H]1CC[C@H]2[C@@H](C)C(=O)O[C@@H]3O[C@@]4(C)CC[C@@H]1[C@@]23OO4
245,Ascorbic Acid (vit C),"Inhibitor,Inducer",OC[C@H](O)[C@H]1OC(=O)C(O)=C1O
246,Betacarotene,Inducer,CC1=C(C=CC(C)=CC=CC(C)=CC=CC=C(C)C=CC=C(C)C=CC2=C(C)CCCC2(C)C)C(C)(C)CCC1
247,Busulfan,Substrate,CS(=O)(=O)OCCCCOS(C)(=O)=O
248,Camphora,Inducer,CC1(C)[C@H]2CC[C@]1(C)C(=O)C2
249,Carmustine,Substrate,ClCCNC(=O)N(CCCl)N=O
250,Chenodeoxycholic Acid,Inhibitor,C[C@H](CCC(O)=O)[C@H]1CC[C@H]2[C@@H]3[C@H](O)C[C@@H]4C[C@H](O)CC[C@]4(C)[C@H]3CC[C@]12C
251,Chinin,Inhibitor,COC1=CC2=C(C=CN=C2C=C1)[C@@H](O)[C@@H]3C[C@@H]4CCN3C[C@@H]4C=C
252,Chlorambucil,Inducer,OC(=O)CCCC1=CC=C(C=C1)N(CCCl)CCCl
253,Cisapride,Inducer,CO[C@@H]1CN(CCCOC2=CC=C(F)C=C2)CC[C@H]1NC(=O)C3=C(OC)C=C(N)C(Cl)=C3
254,Clomipramine,Inhibitor,CN(C)CCCN1C2=CC=CC=C2CCC3=CC=C(Cl)C=C13
255,Cocaine,Inducer,COC(=O)[C@H]1[C@H](C[C@H]2CC[C@@H]1N2C)OC(=O)C3=CC=CC=C3
256,Dicoumarol,Inhibitor,OC1=C(CC2=C(O)C3=C(OC2=O)C=CC=C3)C(=O)OC4=C1C=CC=C4
257,Diethylcarbamazine,Inducer,CCN(CC)C(=O)N1CCN(C)CC1
258,Doxepin,Inhibitor,CN(C)CCC=C1/C2=C(COC3=C1C=CC=C3)C=CC=C2
259,Doxorubicin,Inducer,COC1=CC=CC2=C1C(=O)C3=C(O)C4=C(C[C@](O)(C[C@@H]4O[C@H]5C[C@H](N)[C@H](O)[C@H](C)O5)C(=O)CO)C(O)=C3C2=O
260,Etacrynic Acid,"Substrate,Inhibitor",CCC(=C)C(=O)C1=CC=C(OCC(O)=O)C(Cl)=C1Cl
261,Finasteride,Inhibitor,CC(C)(C)NC(=O)[C@H]1CC[C@H]2[C@@H]3CC[C@H]4NC(=O)C=C[C@]4(C)[C@H]3CC[C@]12C
262,Flunarizine,Inducer,FC1=CC=C(C=C1)C(N2CCN(CC2)CC=CC3=CC=CC=C3)C4=CC=C(F)C=C4
263,Fosfomycin,Substrate,C[C@H]1O[C@@H]1P(O)(O)=O
264,Gabapentin,Inducer,NC[C@@]1(CCCCC1)CC(O)=O
265,Glucagon,Inhibitor,CC(C)CC(C(=O)NC(CCSC)C(=O)NC(CC(=O)N)C(=O)NC(C(C)O)C(=O)O)NC(=O)C(CC1=CNC2=CC=CC=C21)NC(=O)C(CCC(=O)N)NC(=O)C(C(C)C)NC(=O)C(CC3=CC=CC=C3)NC(=O)C(CC(=O)O)NC(=O)C(CCC(=O)N)NC(=O)C(C)NC(=O)C(CCCNC(=N)N)NC(=O)C(CCCNC(=N)N)NC(=O)C(CO)NC(=O)C(CC(=O)O)NC(=O)C(CC(C)C)NC(=O)C(CC4=CC=C(C=C4)O)NC(=O)C(CCCCN)NC(=O)C(CO)NC(=O)C(CC5=CC=C(C=C5)O)NC(=O)C(CC(=O)O)NC(=O)C(CO)NC(=O)C(C(C)O)NC(=O)C(CC6=CC=CC=C6)NC(=O)C(C(C)O)NC(=O)CNC(=O)C(CCC(=O)N)NC(=O)C(CO)NC(=O)C(CC7=CN=CN7)N
266,Glyceryl Trinitrate,Inducer,[O-][N+](=O)OCC(CO[N+]([O-])=O)O[N+]([O-])=O
267,Glycine,Inducer,NCC(O)=O
268,Hematin,"Inhibitor,Substrate",O[Fe++].CC1=C(CCC(O)=O)C2=CC3=NC(=CC4=C(C=C)C(C)=C([N-]4)C=C5N=C(C=C1[N-]2)C(C)=C5C=C)C(C)=C3CCC(O)=O
269,Hydrocortisone,Inducer,C[C@]12CCC(=O)C=C1CC[C@H]3[C@@H]4CC[C@](O)(C(=O)CO)[C@@]4(C)C[C@H](O)[C@H]23
270,Hydrogen Peroxide,"Inhibitor,Inducer",OO
271,Ibuprofen,Inducer,CC(C)CC1=CC=C(C=C1)[C@H](C)C(O)=O
272,Indometacin,"Inhibitor,Inducer",COC1=CC2=C(C=C1)N(C(C)=C2CC(O)=O)C(=O)C3=CC=C(Cl)C=C3
273,Ketoprofen,Inhibitor,C[C@H](C(O)=O)C1=CC(=CC=C1)C(=O)C2=CC=CC=C2
274,Lamotrigine,Inducer,NC1=NC(N)=C(N=N1)C2=C(Cl)C(Cl)=CC=C2
275,Lentinan,Inhibitor,OC[C@H]1O[C@@H](OC[C@H]2O[C@@H](O)[C@H](O)[C@@H](O[C@@H]3O[C@H](CO)[C@@H](O)[C@H](O[C@@H]4O[C@H](CO)[C@@H](O)[C@H](O[C@@H]5O[C@H](CO[C@@H]6O[C@H](CO)[C@@H](O)[C@H](O)[C@H]6O)[C@@H](O)[C@H](O[C@@H]7O[C@H](CO)[C@@H](O)[C@H](O)[C@H]7O)[C@H]5O)[C@H]4O)[C@H]3O)[C@@H]2O)[C@H](O)[C@@H](O)[C@@H]1O
276,Levamisole,Inducer,C1CN2C[C@@H](N=C2S1)C3=CC=CC=C3
277,Levetiracetam,Inducer,CC[C@@H](N1CCCC1=O)C(N)=O
278,Melphalan,"Substrate,Inducer",N[C@@H](CC1=CC=C(C=C1)N(CCCl)CCCl)C(O)=O
279,Mequinol,Inducer,COC1=CC=C(O)C=C1
280,Mercaptamine,Inhibitor,NCCS
281,Mersalyl,Inhibitor,CO[C@@H](CNC(=O)C1=C(OCC([O-])=O)C=CC=C1)C[Hg]O
282,Metamizole Sodium,Inducer,CN(CS([O-])(=O)=O)C1=C(C)N(C)N(C1=O)C2=CC=CC=C2
283,Methionine,Inducer,CSCC[C@H](N)C(O)=O
284,Methyldopa (levorotatory),Inhibitor,C[C@@](N)(CC1=CC(O)=C(O)C=C1)C(O)=O
285,Nabumetone,Inducer,COC1=CC2=C(C=C1)C=C(CCC(C)=O)C=C2
286,Nitric Oxide,Inducer,N=O
287,Olanzapine,Inducer,CN1CCN(CC1)C2=NC3=C(NC4=C2C=C(C)S4)C=CC=C3
288,Pentoxifylline,Inducer,CN1C=NC2=C1C(=O)N(CCCCC(C)=O)C(=O)N2C
289,Perindopril,Inhibitor,CCC[C@H](N[C@H](C)C(=O)N1[C@H]2CCCC[C@H]2C[C@H]1C(O)=O)C(=O)OCC
290,Pipamperone,Inducer,NC(=O)[C@]1(CCN(CCCC(=O)C2=CC=C(F)C=C2)CC1)N3CCCCC3
291,Polihexanide,Inhibitor,Cl.CCCCCCNC(=N)NC(N)=N
292,Primaquine,Inhibitor,COC1=CC(N[C@H](C)CCCN)=C2N=CC=CC2=C1
293,Propylthiouracil,"Inhibitor,Inducer",CCCC1=CC(=O)NC(=S)N1
294,Pyrimethamine,Inhibitor,CCC1=C(C(N)=NC(N)=N1)C2=CC=C(Cl)C=C2
295,Rofecoxib,Inducer,CS(=O)(=O)C1=CC=C(C=C1)C2=C(C(=O)OC2)C3=CC=CC=C3
296,Sodium Nitrite,Inhibitor,[O-]N=O
297,Sulindac,Inducer,CC1=C(CC(O)=O)C2=C(C=CC(F)=C2)C1=C/C3=CC=C(C=C3)S(C)=O
298,Tacrine,Substrate,NC1=C2CCCCC2=NC3=C1C=CC=C3
299,Tadalafil,Inducer,CN1CC(=O)N2[C@H](CC3=C(NC4=CC=CC=C34)[C@H]2C5=CC=C6OCOC6=C5)C1=O
300,Tetracycline,Inhibitor,CN(C)[C@H]1[C@@H]2C[C@@H]3C(=C(O)[C@]2(O)C(=O)C(C(N)=O)=C1O)C(=O)C4=C(O)C=CC=C4[C@@]3(C)O
301,Thiomersal,Inhibitor,CC[Hg]SC1=C(C=CC=C1)C([O-])=O
302,Thiotepa,Substrate,S=P(N1CC1)(N2CC2)N3CC3
303,Tiaprofenic Acid,Inhibitor,C[C@@H](C(O)=O)C1=CC=C(S1)C(=O)C2=CC=CC=C2
304,Tienilic Acid,Inhibitor,OC(=O)COC1=C(Cl)C(Cl)=C(C=C1)C(=O)C2=CC=CS2
305,Tioctic Acid,Inducer,OC(=O)CCCC[C@@H]1CCSS1
306,Verapamil,Inducer,COC1=C(OC)C=C(CCN(C)CCC[C@](C#N)(C(C)C)C2=CC(OC)=C(OC)C=C2)C=C1
307,Adenosine,Inducer,NC1=C2N=CN([C@@H]3O[C@H](CO)[C@@H](O)[C@H]3O)C2=NC=N1
308,Bosentan,Inhibitor,COC1=CC=CC=C1OC2=C(NS(=O)(=O)C3=CC=C(C=C3)C(C)(C)C)N=C(N=C2OCCO)C4=NC=CC=N4
309,Colestyramine,Inducer,CCC1=CC=C(C=C1)[C@@H](C)CCC2=CC=C(C=C2)[N+](C)(C)C
310,Rosuvastatin,Substrate,CC(C)C1=NC(=NC(C2=CC=C(F)C=C2)=C1C=C[C@H](O)C[C@@H](O)CC(O)=O)N(C)S(C)(=O)=O
311,Aminobenzoic Acid,Substrate,NC1=CC=C(C=C1)C(O)=O
312,Apomorphine,Substrate,CN1CCC2=CC=CC3=C2[C@H]1CC4=C3C(O)=C(O)C=C4
313,Bemiparin,Substrate,C1=CC=C(C=C1)C=CC(=O)O
314,Budesonide,Substrate,CCC[C@H]1O[C@@H]2C[C@H]3[C@@H]4CCC5=CC(=O)C=C[C@]5(C)[C@H]4[C@@H](O)C[C@]3(C)[C@@]2(O1)C(=O)CO
315,Calcitriol,Inducer,C[C@H](CCCC(C)(C)O)[C@H]1CC[C@H]2C(CCC[C@]12C)=CC=C3C[C@@H](O)C[C@H](O)C3=C
316,Celecoxib,"Inhibitor,Substrate",CC1=CC=C(C=C1)C2=CC(=NN2C3=CC=C(C=C3)S(N)(=O)=O)C(F)(F)F
317,Cholic Acid,Substrate,[H][C@@](C)(CCC(O)=O)[C@@]1([H])CC[C@@]2([H])[C@]3([H])[C@]([H])(O)C[C@]4([H])C[C@]([H])(O)CC[C@]4(C)[C@@]3([H])C[C@]([H])(O)[C@]12C
318,Clioquinol,"Inhibitor,Substrate",OC1=C(I)C=C(Cl)C2=C1N=CC=C2
319,Corticotropin,Inducer,CSCC[C@H](NC(=O)[C@@H](N)CC1=CC=C(O)C=C1)C(=O)N[C@@H](CCC(O)=O)C(=O)N[C@@H](CC2=CNC=N2)C(=O)N[C@@H](CC3=CC=CC=C3)C(=O)N[C@@H](CCCNC(N)=N)C(=O)N[C@@H](CC4=CNC5=CC=CC=C45)C(=O)NCC(O)=O
320,Cortisone,Inhibitor,C[C@]12CC[C@@H](O)C=C1CC[C@H]3[C@@H]4CC[C@](O)(C(=O)CO)[C@@]4(C)CC(=O)[C@H]23
321,Digitoxin,Substrate,C[C@H]1O[C@H](C[C@H](O)[C@@H]1O)O[C@H]2[C@@H](O)C[C@@H](O[C@@H]2C)O[C@H]3[C@@H](O)C[C@@H](O[C@@H]3C)O[C@H]4CC[C@@]5(C)[C@H](CC[C@@H]6[C@@H]5CC[C@]7(C)[C@@H](CC[C@]67O)C8=CC(=O)OC8)C4
322,Ephedrin,Substrate,CN[C@@H](C)[C@H](O)C1=CC=CC=C1
323,Epinephrine,"Substrate,Inducer",CNC[C@H](O)C1=CC(O)=C(O)C=C1
324,Galactose,Substrate,OC[C@H]1O[C@@H](O)[C@H](O)[C@@H](O)[C@H]1O
325,Minoxidil,Substrate,NC1=[N+]([O-])C(N)=NC(=C1)N2CCCCC2
326,Naproxen,Inhibitor,COC1=CC2=C(C=C1)C=C(C=C2)[C@H](C)C(O)=O
327,Pantoprazole,Substrate,COC1=C(OC)C(CS(=O)C2=NC3=CC(OC(F)F)=CC=C3N2)=NC=C1
328,Promegestone,Inducer,CCC(=O)[C@@]1(C)CC[C@H]2[C@@H]3CCC4=CC(=O)CCC4=C3CC[C@]12C
329,Pseudoephedrine,Substrate,CN[C@@H](C)[C@@H](O)C1=CC=CC=C1
330,Pyridoxal Phosphate,Inhibitor,CC1=C(O)C(C=O)=C(COP(O)(O)=O)C=N1
331,Ritodrine,Substrate,C[C@H](NCCC1=CC=C(O)C=C1)[C@H](O)C2=CC=C(O)C=C2
332,Sodium Citrate,Inhibitor,OC(=O)CC(O)(CC(O)=O)C([O-])=O
333,Teicoplanin,Substrate,CC(=O)N[C@H]1[C@@H](O)[C@H](O)[C@H](CO)O[C@H]1O[C@H]2[C@@H]3NC(=O)[C@H](NC(=O)[C@@H]4NC(=O)[C@H]5NC(=O)[C@@H](Cc6ccc(Oc7cc4cc(Oc8ccc2cc8Cl)c7O[C@@H]9O[C@@H](CO)[C@@H](O)[C@H](O)[C@@H]9NC(=O)C)c(Cl)c6)NC(=O)[C@H](N)c%10ccc(O)c(Oc%11cc(O)cc5c%11)c%10)c%12ccc(O)c(c%12)c%13c(O[C@H]%14O[C@H](CO)[C@@H](O)[C@@H](O)[C@@H]%14O)cc(O)cc%13[C@H](NC3=O)C(=O)O
334,Triamcinolone,Inducer,C[C@]12C[C@H](O)[C@@]3(F)[C@@H](CCC4=CC(=O)C=C[C@]34C)[C@@H]1C[C@@H](O)[C@]2(O)C(=O)CO
335,Triclosan,Inhibitor,OC1=C(OC2=C(Cl)C=C(Cl)C=C2)C=CC(Cl)=C1
336,Amiodarone,Inhibitor,CCCCC1=C(C(=O)C2=CC(I)=C(OCCN(CC)CC)C(I)=C2)C3=CC=CC=C3O1
337,Atorvastatin,"Substrate,Inducer",CC(C)C1=C(C(=O)NC2=CC=CC=C2)C(C3=CC=CC=C3)=C(N1CC[C@@H](O)C[C@@H](O)CC(O)=O)C4=CC=C(F)C=C4
338,Bezafibrate,Inhibitor,CC(C)(OC1=CC=C(CCNC(=O)C2=CC=C(Cl)C=C2)C=C1)C(O)=O
339,Cerivastatin,Substrate,COCC1=C(C2=CC=C(F)C=C2)C(C=C[C@@H](O)C[C@@H](O)CC(O)=O)=C(N=C1C(C)C)C(C)C
340,Ciclosporin,Inhibitor,CC[C@@H]1NC(=O)[C@H]([C@H](O)[C@H](C)CC=CC)N(C)C(=O)[C@H](C(C)C)N(C)C(=O)[C@H](CC(C)C)N(C)C(=O)[C@H](CC(C)C)N(C)C(=O)[C@H](C)NC(=O)[C@H](C)NC(=O)[C@H](CC(C)C)N(C)C(=O)[C@@H](NC(=O)[C@@H](CC(C)C)NC(=O)CN(C)C1=O)C(C)C
341,Digoxin,Substrate,C[C@H]1O[C@H](C[C@H](O)[C@@H]1O)O[C@H]2[C@@H](O)C[C@@H](O[C@@H]2C)O[C@H]3[C@@H](O)C[C@@H](O[C@@H]3C)O[C@H]4CC[C@@]5(C)[C@H](CC[C@@H]6[C@@H]5C[C@@H](O)[C@]7(C)[C@@H](CC[C@]67O)C8=CC(=O)OC8)C4
342,Enalapril,Substrate,CCOC(=O)[C@@H](CCC1=CC=CC=C1)N[C@@H](C)C(=O)N2CCC[C@H]2C(O)=O
343,Ezetimibe,Substrate,O[C@@H](CC[C@H]1[C@H](N(C1=O)C2=CC=C(F)C=C2)C3=CC=C(O)C=C3)C4=CC=C(F)C=C4
344,Gemfibrozil,Inhibitor,CC1=CC(OCCCC(C)(C)C(O)=O)=C(C)C=C1
345,Indium (111In) Pentetic Acid,Substrate,C[C@@H](O)[C@@H](CO)NC(=O)[C@@H]1CSSC[C@H](NC(=O)[C@@H](CC2=CC=CC=C2)NC(=O)CN3CCN4CCN(CC(O)=O)CC(=O)O[In](OC(=O)C4)OC(=O)C3)C(=O)N[C@H](CN[C@H](C[C@H]5C=NC6=C5C=CC=C6)C(=O)N[C@@H](CCCCN)C(=O)N[C@@H]([C@@H](C)O)C(=O)N1)CC7=CC=CC=C7
346,Lopinavir,Inhibitor,CC(C)[C@H](N1CCCNC1=O)C(=O)N[C@H](C[C@H](O)[C@H](CC2=CC=CC=C2)NC(=O)COC3=C(C)C=CC=C3C)CC4=CC=CC=C4
347,Lovastatin,Substrate,CC[C@H](C)C(=O)O[C@H]1C[C@@H](C)C=C2C=C[C@H](C)[C@H](CC[C@@H]3C[C@@H](O)CC(=O)O3)[C@@H]12
348,Pravastatin,Substrate,CC[C@H](C)C(=O)O[C@H]1C[C@H](O)C=C2C=C[C@H](C)[C@H](CC[C@@H](O)C[C@@H](O)CC(O)=O)[C@@H]12
349,Rifamycin,Inhibitor,CO[C@H]1C=CO[C@]2(C)OC3=C(C2=O)C4=C(O)C=C(NC(=O)C(C)=CC=C[C@H](C)[C@H](O)[C@@H](C)[C@@H](O)[C@@H](C)[C@H](OC(C)=O)[C@@H]1C)C(O)=C4C(O)=C3C
350,Silymarin,Inhibitor,COC1=CC(=CC=C1O)[C@H]2OC3=C(O[C@@H]2CO)C=CC(=C3)[C@H]4OC5=CC(O)=CC(O)=C5C(=O)[C@@H]4O
351,Simvastatin,Substrate,CCC(C)(C)C(=O)O[C@H]1C[C@@H](C)C=C2C=C[C@H](C)[C@H](CC[C@@H]3C[C@@H](O)CC(=O)O3)[C@@H]12
352,Torasemide,Substrate,CC(C)NC(=O)NS(=O)(=O)C1=C(NC2=CC(C)=CC=C2)C=CN=C1
353,Acetylcholin,Inducer,CC(=O)OCC[N+](C)(C)C
354,Angiotensinamide,Inducer,CC(C)[C@@H](NC(=O)[C@H](CCCNC(N)=N)NC(=O)[C@@H](N)CC(N)=O)C(=O)N[C@@H](CC1=CC=C(O)C=C1)C(=O)N[C@@H](C(C)C)C(=O)N[C@@H](CC2=CN=CN2)C(=O)N3CCC[C@@H]3C(=O)N[C@@H](CC4=CC=CC=C4)C(O)=O
355,Argatroban,Inducer,C[C@@H]1CCN([C@H](C1)C(O)=O)C(=O)[C@H](CCCNC(N)=N)NS(=O)(=O)C2=C3NC[C@@H](C)CC3=CC=C2
356,Azacitidine,Inhibitor,NC1=NC(=O)N(C=N1)[C@@H]1O[C@H](CO)[C@@H](O)[C@H]1O
357,Azathioprine,Substrate,CN1C=NC(=C1SC2=C3NC=NC3=NC=N2)[N+]([O-])=O
358,Bendroflumethiazide,Inhibitor,NS(=O)(=O)C1=CC2=C(NC(CC3=CC=CC=C3)NS2(=O)=O)C=C1C(F)(F)F
359,Captopril,Substrate,C[C@H](CS)C(=O)N1CCC[C@H]1C(O)=O
360,Chlorhexidine,Inhibitor,ClC1=CC=C(NC(=N)NC(=N)NCCCCCCNC(=N)NC(=N)NC2=CC=C(Cl)C=C2)C=C1
361,Chlorphenamine,Inducer,CN(C)CC[C@@H](C1=CC=C(Cl)C=C1)C2=CC=CC=N2
362,Deanol,Substrate,CN(C)CCO
363,Decitabine,Inhibitor,NC1=NC(=O)N(C=N1)[C@H]1C[C@H](O)[C@@H](CO)O1
364,Dicycloverine,Inhibitor,CCN(CC)CCOC(=O)[C@@]1(CCCCC1)[C@H]2CCCCC2
365,Diosmin,Inhibitor,COC1=CC=C(C=C1O)C2=CC(=O)C3=C(O2)C=C(O[C@@H]4O[C@H](CO[C@H]5O[C@@H](C)[C@H](O)[C@@H](O)[C@@H]5O)[C@H](O)[C@H](O)[C@H]4O)C=C3O
366,Fosfocreatine,Inhibitor,CN(CC(O)=O)C(=N)NP(O)(O)=O
367,Hydralazine,Inducer,NN=C1NN=CC2=C1C=CC=C2
368,Ketotifen,Inducer,CN1CCC(CC1)=C2C3=C(CC(=O)C4=C2C=CS4)C=CC=C3
369,Levodopa,Substrate,N[C@@H](CC1=CC(O)=C(O)C=C1)C(O)=O
370,Mepacrine,Inhibitor,CCN(CC)CCC[C@@H](C)NC1=C2C=C(OC)C=CC2=NC3=CC(Cl)=CC=C13
371,Mesalazine,Inhibitor,NC1=CC(C(O)=O)=C(O)C=C1
372,Moclobemide,Inhibitor,ClC1=CC=C(C=C1)C(=O)NCCN2CCOCC2
373,Olsalazine,Inhibitor,OC(=O)C1=CC(=CC=C1O)N=NC2=CC(C(O)=O)=C(O)C=C2
374,Physostigmine,Inhibitor,CNC(=O)OC1=CC2=C(C=C1)N(C)[C@H]3N(C)CC[C@@]23C
375,Plicamycin,Inhibitor,CO[C@@H]([C@@H]1CC2=C(C(O)=C3C(O)=C(C)C(O[C@H]4C[C@@H](O[C@H]5C[C@@H](O)[C@H](O)[C@@H](C)O5)[C@H](O)[C@@H](C)O4)=CC3=C2)C(=O)[C@H]1O[C@H]6C[C@@H](O[C@H]7C[C@@H](O[C@H]8C[C@](C)(O)[C@H](O)[C@@H](C)O8)[C@H](O)[C@@H](C)O7)[C@H](O)[C@@H](C)O6)C(=O)[C@@H](O)[C@@H](C)O
376,Procaine,Inhibitor,CCN(CC)CCOC(=O)C1=CC=C(N)C=C1
377,Pyridoxine (vit B6),Inhibitor,CC1=C(O)C(CO)=C(CO)C=N1
378,Selenium Compounds,Inhibitor,[Se]
379,Temozolomide,Inhibitor,CN1N=NC2=C(N=CN2C1=O)C(N)=O
380,Tolcapone,Inhibitor,CC1=CC=C(C=C1)C(=O)C2=CC(=C(O)C(O)=C2)[N+]([O-])=O
381,Tubocurarine,Inhibitor,COC1=C(O)C2=C3[C@@H](CC4=CC(OC5=CC6=C(CCN(C)[C@H]6CC7=CC=C(O2)C=C7)C=C5OC)=C(O)C=C4)[N+](C)(C)CCC3=C1
382,Ubidecarenone,Substrate,COC1=C(OC)C(=O)C(CC=C(/C)CCC=C(/C)CCC=C(/C)CCC=C(/C)CCC=C(/C)CCC=C(/C)CCC=C(/C)CCC=C(/C)CCC=C(/C)CCC=C(/C)C)=C(C)C1=O
383,Varenicline,Inhibitor,[H][C@]12C[C@]([H])(CNC1)C1=CC3=NC=CN=C3C=C21
384,Vecuronium,Inhibitor,CC(=O)O[C@H]1C[C@@H]2CC[C@@H]3[C@H](CC[C@@]4(C)[C@H]3C[C@@H]([C@@H]4OC(C)=O)[N@@+]5(C)CCCCC5)[C@@]2(C)C[C@@H]1N6CCCCC6
385,Virginiamycin,Inhibitor,C[C@@H]1OC(=O)[C@H](NC(=O)[C@H]2CC(=O)CCN2C(=O)[C@H](CC3=CC=C(C=C3)N(C)C)N(C)C(=O)[C@H]4CCCN4C(=O)[C@H](C)NC(=O)[C@@H]1NC(=O)C5=C(O)C=CC=N5)C6=CC=CC=C6
386,Vorinostat,Inhibitor,ONC(=O)CCCCCCC(=O)NC1=CC=CC=C1
387,Alfentanil,Substrate,CCN1N=NN(CCN2CC[C@](CC2)(COC)N(C(=O)CC)C3=CC=CC=C3)C1=O
388,Alprazolam,Substrate,CC1=NN=C2CN=C(C3=CC=CC=C3)C4=C(C=CC(Cl)=C4)N12
389,Amlodipine,Substrate,CCOC(=O)C1=C(COCCN)NC(C)=C([C@H]1C2=C(Cl)C=CC=C2)C(=O)OC
390,Aprepitant,Substrate,C[C@@H](O[C@@H]1OCCN(CC2=NC(=O)NN2)[C@@H]1C3=CC=C(F)C=C3)C4=CC(=CC(=C4)C(F)(F)F)C(F)(F)F
391,Aripiprazole,Substrate,ClC1=C(Cl)C(=CC=C1)N2CCN(CCCCOC3=CC4=C(CCC(=O)N4)C=C3)CC2
392,Astemizole,Substrate,COC1=CC=C(CCN2CC[C@@H](CC2)NC3=NC4=CC=CC=C4N3CC5=CC=C(F)C=C5)C=C1
393,Atazanavir,"Inhibitor,Substrate",COC(=O)N[C@H](C(=O)N[C@@H](CC1=CC=CC=C1)[C@@H](O)CN(CC1=CC=C(C=C1)C1=CC=CC=N1)NC(=O)[C@@H](NC(=O)OC)C(C)(C)C)C(C)(C)C
394,Aztreonam,Substrate,C[C@H]1[C@H](NC(=O)C(=N/OC(C)(C)C(O)=O)C2=CSC([NH3+])=N2)C(=O)N1S([O-])(=O)=O
395,Buspirone,Substrate,O=C1C[C@]2(CCCC2)CC(=O)N1CCCCN3CCN(CC3)C4=NC=CC=N4
396,Carbamazepine,Substrate,NC(=O)N1C2=C(C=CC=C2)C=CC3=C1C=CC=C3
397,Clarithromycin,Substrate,CC[C@H]1OC(=O)[C@H](C)[C@@H](O[C@@H]2C[C@](C)(OC)[C@@H](O)[C@H](C)O2)[C@H](C)[C@@H](O[C@@H]3O[C@H](C)C[C@@H]([C@H]3O)N(C)C)[C@@](C)(C[C@@H](C)C(=O)[C@H](C)[C@@H](O)[C@]1(C)O)OC
398,Clotiapine,Substrate,CN1CCN(CC1)C2=NC3=C(SC4=C2C=C(Cl)C=C4)C=CC=C3
399,Codeine,Substrate,COC1=CC=C2C[C@@H]3[C@@H]4C=C[C@H](O)[C@@H]5OC1=C2[C@]45CCN3C
400,Dextropropoxyphene,Inducer,CCC(=O)O[C@@](CC1=CC=CC=C1)([C@H](C)CN(C)C)C1=CC=CC=C1
401,Diltiazem,Substrate,COC1=CC=C(C=C1)[C@@H]2SC3=CC=CC=C3N(CCN(C)C)C(=O)[C@@H]2OC(C)=O
402,Domperidone,Substrate,ClC1=CC2=C(C=C1)N([C@@H]3CCN(CCCN4C(=O)NC5=C4C=CC=C5)CC3)C(=O)N2
403,Doxylamin,Inducer,CN(C)CCO[C@@](C)(C1=CC=CC=C1)C2=CC=CC=N2
404,Eplerenone,Substrate,COC(=O)[C@@H]1CC2=CC(=O)CC[C@]2(C)[C@@]34O[C@@H]3C[C@@]5(C)[C@@H](CC[C@@]56CCC(=O)O6)[C@@H]14
405,Erythromycin,Substrate,CC[C@H]1OC(=O)[C@H](C)[C@@H](O[C@H]2C[C@@](C)(OC)[C@@H](O)[C@H](C)O2)[C@H](C)[C@@H](O[C@H]3O[C@@H](C)C[C@H]([C@@H]3O)N(C)C)[C@](C)(O)C[C@@H](C)C(=O)[C@H](C)[C@@H](O)[C@]1(C)O
406,Estriol,Substrate,C[C@]12CC[C@H]3[C@@H](CCC4=C3C=CC(O)=C4)[C@@H]1C[C@@H](O)[C@@H]2O
407,Ethinylestradiol,Substrate,C[C@]12CC[C@H]3[C@@H](CCC4=C3C=CC(O)=C4)[C@@H]1CC[C@@]2(O)C#C
408,Ethylmorphine,Substrate,CCOC1=CC=C2C[C@@H]3[C@@H]4C=C[C@H](O)[C@@H]5OC1=C2[C@]45CCN3C
409,Felodipine,Substrate,CCOC(=O)C1=C(C)NC(C)=C([C@@H]1C2=C(Cl)C(Cl)=CC=C2)C(=O)OC
410,Fentanyl,Substrate,CCC(=O)N([C@H]1CCN(CC1)CCC2=CC=CC=C2)C3=CC=CC=C3
411,Glycyrrhizic Acid,"Inducer,Substrate",[H][C@@]12C[C@](C)(CC[C@]1(C)CC[C@]1(C)C2=CC(=O)[C@]2([H])[C@@]3(C)CC[C@H](O[C@H]4O[C@@H]([C@@H](O)[C@H](O)[C@H]4O[C@@H]4O[C@@H]([C@@H](O)[C@H](O)[C@H]4O)C(O)=O)C(O)=O)C(C)(C)[C@]3([H])CC[C@@]12C)C(O)=O
412,Haloperidol,Substrate,O[C@@]1(CCN(CCCC(=O)C2=CC=C(F)C=C2)CC1)C3=CC=C(Cl)C=C3
413,Imatinib,Substrate,CN1CCN(CC1)CC2=CC=C(C=C2)C(=O)NC3=CC(NC4=NC=CC(=N4)C5=CC=CN=C5)=C(C)C=C3
414,Indinavir,"Inhibitor,Substrate",CC(C)(C)NC(=O)[C@@H]1CN(CCN1C[C@@H](O)C[C@@H](CC2=CC=CC=C2)C(=O)N[C@@H]3[C@H](O)CC4=C3C=CC=C4)CC5=CC=CN=C5
415,Irinotecan,Substrate,CCC1=C2CN3C(=O)C4=C(C=C3C2=NC5=CC=C(OC(=O)N6CC[C@@H](CC6)N7CCCCC7)C=C15)[C@@](O)(CC)C(=O)OC4
416,Lercanidipine,Substrate,COC(=O)C1=C(C)NC(C)=C([C@H]1C2=CC=CC(=C2)[N+]([O-])=O)C(=O)OC(C)(C)CN(C)CCC(C3=CC=CC=C3)C4=CC=CC=C4
417,Linopirdine,Substrate,O=C1N(C2=CC=CC=C2)C3=C(C=CC=C3)C1(CC4=CC=NC=C4)CC5=CC=NC=C5
418,Mibefradil,Inhibitor,COCC(=O)O[C@]3(CCN(C)CCCC1=NC2=C(N1)C=CC=C2)CCC4=C(C=CC(F)=C4)[C@@H]3C(C)C
419,Midazolam,"Inhibitor,Substrate",CC1=NC=C2CN=C(C3=C(F)C=CC=C3)C4=C(C=CC(Cl)=C4)N12
420,Mifepristone,Inhibitor,CC#C[C@]1(O)CC[C@H]2[C@@H]3CCC4=CC(=O)CCC4=C3[C@H](C[C@]12C)C5=CC=C(C=C5)N(C)C
421,Nateglinide,Substrate,CC(C)[C@@H]1CC[C@H](CC1)C(=O)N[C@@H](CC2=CC=CC=C2)C(O)=O
422,Nefazodone,Inhibitor,CCC1=NN(CCCN2CCN(CC2)C3=CC(Cl)=CC=C3)C(=O)N1CCOC4=CC=CC=C4
423,Nelfinavir,"Inhibitor,Substrate",CC1=C(C=CC=C1O)C(=O)N[C@@H](CSC2=CC=CC=C2)[C@H](O)CN3C[C@H]4CCCC[C@H]4C[C@H]3C(=O)NC(C)(C)C
424,Neostigmine,Inhibitor,CN(C)C(=O)OC1=CC(=CC=C1)[N+](C)(C)C
425,Nisoldipine,Substrate,COC(=O)C1=C(C)NC(C)=C([C@@H]1C2=C(C=CC=C2)[N+]([O-])=O)C(=O)OCC(C)C
426,Nitrendipine,Substrate,CCOC(=O)C1=C(C)NC(C)=C([C@H]1C2=CC(=CC=C2)[N+]([O-])=O)C(=O)OC
427,Norethisterone,Substrate,C[C@]12CC[C@H]3[C@@H](CCC4=CC(=O)CC[C@H]34)[C@@H]1CC[C@@]2(O)C#C
428,Norfloxacin,Inhibitor,CCN1C=C(C(O)=O)C(=O)C2=C1C=C(N3CCNCC3)C(F)=C2
429,Ornidazole,Substrate,CC1=NC=C(N1C[C@H](O)CCl)[N+]([O-])=O
430,Oxazepam,Substrate,O[C@@H]1N=C(C2=CC=CC=C2)C3=C(NC1=O)C=CC(Cl)=C3
431,Phenelzine,Inhibitor,NNCCC1=CC=CC=C1
432,Pleconaril,Inducer,CC1=NOC(CCCOC2=C(C)C=C(C=C2C)C3=NOC(=N3)C(F)(F)F)=C1
433,Praziquantel,Substrate,O=C1CN(C[C@H]2N1CCC3=C2C=CC=C3)C(=O)[C@H]4CCCCC4
434,Propranolol,Substrate,CC(C)NC[C@@H](O)COC1=C2C=CC=CC2=CC=C1
435,Quetiapine,Substrate,OCCOCCN1CCN(CC1)C2=NC3=C(SC4=C2C=CC=C4)C=CC=C3
436,Rifapentine,Inducer,CO[C@H]1C=CO[C@@]2(C)OC3=C(C)C(O)=C4C(O)=C(NC(=O)C(C)=CC=C[C@@H](C)[C@@H](O)[C@@H](C)[C@@H](O)[C@@H](C)[C@H](OC(C)=O)[C@H]1C)C(C=NN5CCN(CC5)[C@H]6CCCC6)=C(O)C4=C3C2=O
437,Risperidone,Substrate,CC1=C(CCN2CC[C@H](CC2)C3=NOC4=CC(F)=CC=C34)C(=O)N5CCCCC5=N1
438,Salmeterol,Substrate,OCC1=C(O)C=CC(=C1)[C@@H](O)CNCCCCCCOCCCCC2=CC=CC=C2
439,Saquinavir,Substrate,CC(C)(C)NC(=O)[C@@H]1C[C@H]2CCCC[C@@H]2CN1C[C@@H](O)[C@H](CC3=CC=CC=C3)NC(=O)[C@H](CC(N)=O)NC(=O)C4=NC5=CC=CC=C5C=C4
440,Sirolimus,Substrate,CO[C@@H]1C[C@@H](CC[C@H]1O)C[C@@H](C)[C@@H]2CC(=O)[C@H](C)C=C(C)[C@@H](O)[C@@H](OC)C(=O)[C@H](C)C[C@H](C)C=CC=CC=C(C)[C@H](C[C@@H]3CC[C@@H](C)[C@@](O)(O3)C(=O)C(=O)N4CCCC[C@H]4C(=O)O2)OC
441,Tacrolimus,Substrate,CO[C@@H]1C[C@H](CC[C@H]1O)C=C(/C)[C@H]2OC(=O)[C@@H]3CCCCN3C(=O)C(=O)[C@]4(O)O[C@H]([C@H](C[C@@H](C)CC(C)=C[C@@H](CC=C)C(=O)C[C@H](O)[C@H]2C)OC)[C@H](C[C@H]4C)OC
442,Terfenadine,Substrate,CC(C)(C)C1=CC=C(C=C1)[C@@H](O)CCCN2CC[C@@H](CC2)C(O)(C3=CC=CC=C3)C4=CC=CC=C4
443,Trazodone,Substrate,ClC1=CC=CC(=C1)N2CCN(CCCN3N=C4C=CC=CN4C3=O)CC2
444,Triazolam,Substrate,CC1=NN=C2CN=C(C3=C(Cl)C=CC=C3)C4=C(C=CC(Cl)=C4)N12
445,Vincristine,Substrate,CC[C@]1(O)C[C@H]2CN(CCC3=C(NC4=C3C=CC=C4)[C@@](C2)(C(=O)OC)C5=CC6=C(C=C5OC)N(C=O)[C@H]7[C@](O)([C@H](OC(C)=O)[C@]8(CC)C=CCN9CC[C@]67[C@H]89)C(=O)OC)C1
446,Zalcitabine,Substrate,NC1=NC(=O)N(C=C1)[C@H]2CC[C@@H](CO)O2
447,Zaleplon,Substrate,CCN(C(C)=O)C1=CC=CC(=C1)C2=CC=NC3=C(C=NN23)C#N
448,Ziprasidone,Substrate,ClC1=CC2=C(CC(=O)N2)C=C1CCN3CCN(CC3)C4=NSC5=CC=CC=C45
449,Zolpidem,Substrate,CN(C)C(=O)CC1=C(N=C2C=CC(C)=CN12)C3=CC=C(C)C=C3
450,Acebutolol,Inhibitor,CCCC(=O)NC1=CC(C(C)=O)=C(OC[C@@H](O)CNC(C)C)C=C1
451,Ajmaline,"Inhibitor,Substrate",CCC1C(O)N2C3CC1C4C(O)C5(CC24)C3N(C)C6=C5C=CC=C6
452,Almotriptan,Substrate,CN(C)CCC1=CNC2=C1C=C(CS(=O)(=O)N3CCCC3)C=C2
453,Alprenolol,Substrate,CC(C)NC[C@H](O)COC1=CC=CC=C1CC=C
454,Amfetamine,"Inhibitor,Substrate",C[C@@H](N)CC1=CC=CC=C1
455,Aminobutyric Acid,Substrate,NCCCC(O)=O
456,Amodiaquine,Inhibitor,CCN(CC)CC1=C(O)C=CC(NC2=C3C=CC(Cl)=CC3=NC=C2)=C1
457,Amprenavir,Substrate,CC(C)CN(C[C@@H](O)[C@H](CC1=CC=CC=C1)NC(=O)O[C@H]2CCOC2)S(=O)(=O)C3=CC=C(N)C=C3
458,Amsacrine,Substrate,COC1=C(NC2=C3C=CC=CC3=NC4=CC=CC=C24)C=CC(NS(C)(=O)=O)=C1
459,Aprindine,Substrate,CCN(CC)CCCN([C@H]1CC2=CC=CC=C2C1)C3=CC=CC=C3
460,Artemether,Substrate,CO[C@@H]1O[C@@H]2O[C@@]3(C)CC[C@H]4[C@H](C)CC[C@@H]([C@H]1C)[C@@]24OO3
461,Atomoxetine,"Inhibitor,Substrate",CNCC[C@@H](OC1=CC=CC=C1C)C2=CC=CC=C2
462,Barnidipine,Inhibitor,COC(=O)C1=C(C)NC(C)=C([C@@H]1C2=CC(=CC=C2)[N+]([O-])=O)C(=O)O[C@H]3CCN(C3)CC4=CC=CC=C4
463,Befunolol,Substrate,CC(C)NC[C@@H](O)COC1=CC=CC2=C1OC(=C2)C(C)=O
464,Benidipine,Inhibitor,COC(=O)C1=C(C)NC(C)=C([C@H]1C2=CC(=CC=C2)[N+]([O-])=O)C(=O)O[C@@H]3CCCN(C3)CC4=CC=CC=C4
465,Benzatropine,Substrate,CN1C2CCC1CC(C2)OC(C3=CC=CC=C3)C4=CC=CC=C4
466,Benzethonium,Substrate,CC(C)(C)CC(C)(C)C1=CC=C(OCCOCC[N+](C)(C)CC2=CC=CC=C2)C=C1
467,Bepridil,Substrate,CC(C)COC[C@H](CN(CC1=CC=CC=C1)C2=CC=CC=C2)N3CCCC3
468,Betaxolol,"Substrate,Inhibitor",CC(C)NC[C@H](O)COC1=CC=C(CCOC[C@H]2CC2)C=C1
469,Bicalutamide,Inhibitor,C[C@](O)(CS(=O)(=O)C1=CC=C(F)C=C1)C(=O)NC2=CC(=C(C=C2)C#N)C(F)(F)F
470,Biperiden,Inhibitor,O[C@](CCN1CCCCC1)([C@@H]2C[C@H]3C[C@@H]2C=C3)C4=CC=CC=C4
471,Bisoprolol,Substrate,CC(C)NC[C@@H](O)COC1=CC=C(COCCOC(C)C)C=C1
472,Bortezomib,"Inhibitor,Substrate",CC(C)C[C@H](NC(=O)[C@@H](CC1=CC=CC=C1)NC(=O)C2=CN=CC=N2)B(O)O
473,Budipine,Inhibitor,CC(C)(C)N1CC[C@](CC1)(C2=CC=CC=C2)C3=CC=CC=C3
474,Buflomedil,Substrate,COC1=CC(OC)=C(C(=O)CCCN2CCCC2)C(OC)=C1
475,Bupivacaine,Substrate,CCCCN1CCCC[C@H]1C(=O)NC2=C(C)C=CC=C2C
476,Bupranolol,Substrate,CC1=CC(OC[C@@H](O)CNC(C)(C)C)=C(Cl)C=C1
477,Carteolol,"Inhibitor,Substrate",CC(C)(C)NC[C@H](O)COC1=CC=CC2=C1CCC(=O)N2
478,Cevimeline,Substrate,CC1O[C@@]2(CS1)CN1CCC2CC1
479,Chlordiazepoxide,Substrate,CNC1=NC2=C(C=C(Cl)C=C2)C(C3=CC=CC=C3)=[N+]([O-])C1
480,Cibenzoline,Substrate,C1CN=C(N1)[C@@H]2C[C@]2(C3=CC=CC=C3)C4=CC=CC=C4
481,Cilostazol,Substrate,O=C1CCC2=C(N1)C=CC(OCCCCC1=NN=NN1C1CCCCC1)=C2
482,Cinacalcet,"Substrate,Inhibitor",C[C@@H](NCCCC1=CC(=CC=C1)C(F)(F)F)C1=CC=CC2=CC=CC=C12
483,Cinnarizin,Substrate,CCOC(=O)C(C)(C)OC1=CC=C(Cl)C=C1
484,Clemastine,Inhibitor,CN1CCC[C@@H]1CCO[C@](C)(C2=CC=CC=C2)C3=CC=C(Cl)C=C3
485,Colecalciferol,Inhibitor,CC(C)CCC[C@@H](C)[C@H]1CC[C@H]2C(CCC[C@]12C)=CC=C3C[C@@H](O)CCC3=C
486,Cyclobenzaprine,Substrate,CN(C)CCC=C1/C2=C(C=CC=C2)C=CC3=C1C=CC=C3
487,Debrisoquine,Substrate,NC(=N)N1CCC2=C(C1)C=CC=C2
488,Delavirdine,"Inhibitor,Substrate",CC(C)NC1=CC=CN=C1N2CCN(CC2)C(=O)C3=CC4=CC(NS(C)(=O)=O)=CC=C4N3
489,Desloratadine,Inhibitor,ClC1=CC2=C(C=C1)C(=C3CCNCC3)C4=C(CC2)C=CC=N4
490,Desvenlafaxine,"Substrate,Inhibitor",CN(C)CC(C1=CC=C(O)C=C1)C1(O)CCCCC1
491,Dexamfetamine,"Inhibitor,Substrate",C[C@H](N)CC1=CC=CC=C1
492,Dexmedetomidine,Inhibitor,C[C@H](C1=CNC=N1)C1=C(C)C(C)=CC=C1
493,Dihydrocodeine,Substrate,COC1=CC=C2C[C@@H]3[C@@H]4CC[C@H](O)[C@@H]5OC1=C2[C@]45CCN3C
494,Dimethyl Sulfoxide,Inhibitor,CS(C)=O
495,Diphenhydramin,"Substrate,Inhibitor",CN(C)CCOC(C1=CC=CC=C1)C2=CC=CC=C2
496,Diphenhydramine Methylbromide,Inhibitor,CN(C)CCOC(C1=CC=CC=C1)C2=CC=CC=C2
497,Dolasetron,"Substrate,Inhibitor",O=C1CN2[C@@H]3C[C@H](C[C@H]2C[C@H]1C3)OC(=O)C4=CNC5=CC=CC=C45
498,Donepezil,Substrate,COC1=C(OC)C=C2C(=O)[C@H](C[C@H]3CCN(CC3)CC4=CC=CC=C4)CC2=C1
499,Doxazosin,Substrate,COC1=CC2=C(C=C1OC)C(N)=NC(=N2)N3CCN(CC3)C(=O)[C@@H]4COC5=C(O4)C=CC=C5
500,Duloxetine,"Substrate,Inhibitor",CNCC[C@H](OC1=CC=CC2=CC=CC=C12)C1=CC=CS1
501,Efavirenz,Inhibitor,FC(F)(F)[C@]1(OC(=O)NC2=CC=C(Cl)C=C12)C#C[C@H]3CC3
502,Eletriptan,Substrate,CN1CCC[C@@H]1CC2=CNC3=C2C=C(CCS(=O)(=O)C4=CC=CC=C4)C=C3
503,Emetine,"Substrate,Inhibitor",CC[C@H]1CN2CCC3=CC(OC)=C(OC)C=C3[C@@H]2C[C@@H]1C[C@H]4NCCC5=C4C=C(OC)C(OC)=C5
504,Encainide,Substrate,COC1=CC=C(C=C1)C(=O)NC2=C(C=CC=C2)[C@H](C)CN3CCCCC3
505,Epinastine,"Inhibitor,Substrate",NC1=NC[C@H]2N1C3=C(CC4=C2C=CC=C4)C=CC=C3
506,Escitalopram,"Substrate,Inhibitor",CN(C)CCC[C@]1(OCC2=CC(=CC=C12)C#N)C3=CC=C(F)C=C3
507,Etilamfetamine,Substrate,CCN[C@@H](C)CC1=CC=CC=C1
508,Fenfluramine,Inhibitor,CCN[C@@H](C)CC1=CC(=CC=C1)C(F)(F)F
509,Fesoterodine,Substrate,CC(C)N(CC[C@H](C1=CC=CC=C1)C1=C(OC(=O)C(C)C)C=CC(CO)=C1)C(C)C
510,Fexofenadine,Inhibitor,CC(C)(C(O)=O)C1=CC=C(C=C1)[C@@H](O)CCCN2CC[C@@H](CC2)C(O)(C3=CC=CC=C3)C4=CC=CC=C4
511,Flecainide,"Substrate,Inhibitor",FC(F)(F)COC1=CC(C(=O)NC[C@@H]2CCCCN2)=C(OCC(F)(F)F)C=C1
512,Formoterol,Substrate,COC1=CC=C(C[C@H](C)NC[C@@H](O)C2=CC=C(O)C(NC=O)=C2)C=C1
513,Galantamine,Substrate,COC1=CC=C2CN(C)CC[C@@]34C=C[C@H](O)C[C@@H]3OC1=C24
514,Gefitinib,"Inhibitor,Substrate",COC1=CC2=NC=NC(NC3=CC=C(F)C(Cl)=C3)=C2C=C1OCCCN4CCOCC4
515,Gepirone,Substrate,CC1(C)CC(=O)N(CCCCN2CCN(CC2)C3=NC=CC=N3)C(=O)C1
516,Granisetron,"Substrate,Inhibitor,Inducer",CN1[C@H]2CCC[C@@H]1C[C@H](C2)NC(=O)C3=NN(C)C4=C3C=CC=C4
517,Guanoxan,Substrate,NC(=N)NC[C@H]1COC2=C(O1)C=CC=C2
518,Halofantrine,"Inhibitor,Substrate",CCCCN(CCCC)CC[C@H](O)C1=C2C=CC(=CC2=C3C=C(Cl)C=C(Cl)C3=C1)C(F)(F)F
519,Hydrochloric Acid,Inhibitor,Cl
520,Hydrocodone,Substrate,COC1=CC=C2C[C@@H]3[C@@H]4CCC(=O)[C@@H]5OC1=C2[C@]45CCN3C
521,Hydromorphone,Substrate,CN1CC[C@@]23[C@H]4CCC(=O)[C@@H]2OC5=C3C(C[C@@H]14)=CC=C5O
522,Hydroxychloroquine,Inhibitor,CCN(CCO)CCC[C@@H](C)NC1=CC=NC2=C1C=CC(Cl)=C2
523,Hydroxyzine,Inhibitor,OCCOCCN1CCN(CC1)[C@H](C2=CC=CC=C2)C3=CC=C(Cl)C=C3
524,Idarubicin,"Inhibitor,Substrate",C[C@@H]1O[C@H](C[C@H](N)[C@@H]1O)O[C@H]2C[C@@](O)(CC3=C2C(O)=C4C(=O)C5=CC=CC=C5C(=O)C4=C3O)C(C)=O
525,Indoramin,Substrate,O=C(N[C@H]1CCN(CC1)CCC2=CNC3=C2C=CC=C3)C4=CC=CC=C4
526,Irbesartan,Inhibitor,CCCCC1=N[C@@]2(CCCC2)C(=O)N1CC3=CC=C(C=C3)C4=C(C=CC=C4)C5=NN=NN5
527,Labetalol,"Inhibitor,Substrate",C[C@@H](CCC1=CC=CC=C1)NC[C@H](O)C2=CC=C(O)C(=C2)C(N)=O
528,Lisuride,Substrate,CCN(CC)C(=O)N[C@@H]1CN(C)[C@@H]2CC3=CNC4=CC=CC(C2=C1)=C34
529,Lofepramine,Substrate,CN(CCCN1C2=C(CCC3=C1C=CC=C3)C=CC=C2)CC(=O)C4=CC=C(Cl)C=C4
530,Lomustine,"Substrate,Inhibitor",ClCCN(N=O)C(=O)N[C@H]1CCCCC1
531,Loperamide,Substrate,CN(C)C(=O)C(CCN1CC[C@@](O)(CC1)C2=CC=C(Cl)C=C2)(C3=CC=CC=C3)C4=CC=CC=C4
532,Loratadine,"Inhibitor,Inducer,Substrate",CCOC(=O)N1CCC(CC1)=C2/C3=C(CCC4=C2N=CC=C4)C=C(Cl)C=C3
533,Manidipine,Inhibitor,COC(=O)C1=C(C)NC(C)=C([C@@H]1C2=CC(=CC=C2)[N+]([O-])=O)C(=O)OCCN3CCN(CC3)C(C4=CC=CC=C4)C5=CC=CC=C5
534,Maprotiline,Substrate,CNCCC[C@@]12CC[C@@H](C3=C1C=CC=C3)C4=C2C=CC=C4
535,Melperone,Inhibitor,C[C@H]1CCN(CCCC(=O)C2=CC=C(F)C=C2)CC1
536,Memantine,Inhibitor,C[C@]12C[C@@H]3C[C@](C)(C1)C[C@@](N)(C3)C2
537,Mepyramine,Inhibitor,COC1=CC=C(CN(CCN(C)C)C2=CC=CC=N2)C=C1
538,Mequitazine,Substrate,C1CN2CC[C@H]1[C@H](C2)CN3C4=C(SC5=C3C=CC=C5)C=CC=C4
539,Mesoridazine,Substrate,CN1CCCC[C@H]1CCN2C3=C(SC4=C2C=C(C=C4)S(C)=O)C=CC=C3
540,Metamfetamine,"Substrate,Inhibitor",CN[C@@H](C)CC1=CC=CC=C1
541,Methoxyphenamine,Substrate,CN[C@@H](C)CC1=C(OC)C=CC=C1
542,Methyprylon,Substrate,CCC1(CC)C(=O)NC[C@@H](C)C1=O
543,Metoprolol,"Substrate,Inhibitor",COCCC1=CC=C(OC[C@H](O)CNC(C)C)C=C1
544,Mianserin,"Substrate,Inhibitor",CN1CCN2[C@H](C1)C3=C(CC4=C2C=CC=C4)C=CC=C3
545,Midodrine,Inhibitor,COC1=CC([C@H](O)CNC(=O)CN)=C(OC)C=C1
546,Minaprine,Substrate,CC1=CC(=NN=C1NCCN2CCOCC2)C3=CC=CC=C3
547,Mirtazapine,"Inhibitor,Substrate,Inducer",CN1CCN2[C@H](C1)C3=C(CC4=C2N=CC=C4)C=CC=C3
548,Morphine,Substrate,CN1CC[C@@]23[C@H]4OC5=C2C(C[C@@H]1[C@@H]3C=C[C@@H]4O)=CC=C5O
549,Nebivolol,Substrate,O[C@@H](CNC[C@@H](O)[C@@H]1CCC2=C(O1)C=CC(F)=C2)[C@H]3CCC4=CC(F)=CC=C4O3
550,Nevirapine,"Substrate,Inhibitor",CC1=CC=NC2=C1NC(=O)C3=C(N=CC=C3)N2[C@H]4CC4
551,Nicergoline,Substrate,CO[C@]12C[C@@H](COC(=O)C3=CC(Br)=CN=C3)CN(C)[C@@H]1CC4=CN(C)C5=CC=CC2=C45
552,Nicotinic Acid,Inhibitor,OC(=O)C1=CC=CN=C1
553,Nitrofural,Substrate,NC(=O)NN=CC1=CC=C(O1)[N+]([O-])=O
554,Octopamine,Substrate,NC[C@H](O)C1=CC=C(O)C=C1
555,Opipramol,Substrate,OCCN1CCN(CCCN2C3=C(C=CC=C3)C=CC4=C2C=CC=C4)CC1
556,Orphenadrine (citrate),Inhibitor,CN(C)CCO[C@H](C1=CC=CC=C1)C2=C(C)C=CC=C2
557,Oxamniquine,Inhibitor,CC(C)NC[C@H]1CCC2=C(N1)C=C(C(CO)=C2)[N+]([O-])=O
558,Oxatomide,"Inhibitor,Substrate",C[C@@H](C(=O)NC1=CC(C)=CC=N1)C2=CC=CC(=C2)C(=O)C3=CC=CC=C3
559,Oxprenolol,Inhibitor,CC(C)NC[C@@H](O)COC1=C(OCC=C)C=CC=C1
560,Oxybutynin,Inhibitor,CCN(CC)CC#CCOC(=O)[C@](O)([C@H]1CCCCC1)C2=CC=CC=C2
561,Palonosetron,Substrate,[H][C@]12CCCC3=C1C(=CC=C3)C(=O)N(C2)[C@@H]1CN2CCC1CC2
562,Parecoxib,Inhibitor,CCC(=O)NS(=O)(=O)C1=CC=C(C=C1)C2=C(C)ON=C2C3=CC=CC=C3
563,Paroxetine,"Inhibitor,Substrate",FC1=CC=C(C=C1)[C@@H]2CCNC[C@H]2COC3=CC4=C(OCO4)C=C3
564,Pentamidine Isethionate,Substrate,NC(=N)C1=CC=C(OCCCCCOC2=CC=C(C=C2)C(N)=N)C=C1
565,Pentoxyverine,"Substrate,Inhibitor",CCN(CC)CCOCCOC(=O)[C@]1(CCCC1)C2=CC=CC=C2
566,Pergolide,Inhibitor,CCCN1C[C@H](CSC)C[C@H]2[C@H]1CC3=CNC4=CC=CC2=C34
567,Perhexiline,"Substrate,Inhibitor",C1CC[C@H](CC1)C(C[C@H]2CCCCN2)[C@H]3CCCCC3
568,Phenformin,Substrate,NC(=N)NC(=N)NCCC1=CC=CC=C1
569,Phentermine,Inhibitor,CC(C)(N)CC1=CC=CC=C1
570,Pindolol,"Substrate,Inducer,Inhibitor",CC(C)NC[C@@H](O)COC1=CC=CC2=C1C=CN2
571,Pioglitazone,Inhibitor,CCC1=CC=C(CCOC2=CC=C(C[C@@H]3SC(=O)NC3=O)C=C2)N=C1
572,Piperazine,Substrate,C1CNCCN1
573,Prajmaline,Substrate,CCC[N@+]12[C@H](O)[C@@H](CC)[C@@H]3C[C@H]1[C@@H]4N(C)C5=C(C=CC=C5)[C@]46C[C@H]2[C@H]3[C@H]6O
574,Procainamide,Substrate,CCN(CC)CCNC(=O)C1=CC=C(N)C=C1
575,Prochlorperazine,Substrate,CN1CCN(CCCN2C3=C(SC4=C2C=C(Cl)C=C4)C=CC=C3)CC1
576,Promethazine,"Inhibitor,Substrate",C[C@@H](CN1C2=C(SC3=C1C=CC=C3)C=CC=C2)N(C)C
577,Propafenone,"Inhibitor,Substrate",CCCNC[C@@H](O)COC1=C(C=CC=C1)C(=O)CCC2=CC=CC=C2
578,Protriptyline,Substrate,CNCCC[C@H]1C2=C(C=CC=C2)C=CC3=C1C=CC=C3
579,Pyrantel,Substrate,CN1CCCN=C1C=CC2=CC=CS2
580,Ranitidine,"Substrate,Inhibitor",CNC(NCCSCC1=CC=C(CN(C)C)O1)=C/[N+]([O-])=O
581,Reboxetine,"Inducer,Inhibitor",CCOC1=CC=CC=C1O[C@H]([C@@H]2CNCCO2)C3=CC=CC=C3
582,Remoxipride,Substrate,CCN1CCC[C@H]1CNC(=O)C2=C(OC)C(Br)=CC=C2OC
583,Rivastigmine,Inhibitor,CCN(C)C(=O)OC1=CC=CC(=C1)[C@H](C)N(C)C
584,Ropinirole,Inhibitor,CCCN(CCC)CCC1=CC=CC2=C1CC(=O)N2
585,Ropivacaine,Substrate,CCCN1CCCC[C@H]1C(=O)NC2=C(C)C=CC=C2C
586,Rosiglitazone,Inhibitor,CN(CCOC1=CC=C(C[C@@H]2SC(=O)NC2=O)C=C1)C3=NC=CC=C3
587,Roxatidine,Substrate,OCC(=O)NCCCOC1=CC=CC(CN2CCCCC2)=C1
588,Rutoside,Inhibitor,C[C@@H]1O[C@@H](OC[C@H]2O[C@@H](OC3=C(OC4=CC(O)=CC(O)=C4C3=O)C5=CC(O)=C(O)C=C5)[C@H](O)[C@@H](O)[C@@H]2O)[C@H](O)[C@H](O)[C@H]1O
589,Sertindole,Substrate,FC1=CC=C(C=C1)N2C=C([C@@H]3CCN(CC3)CCN4CCNC4=O)C5=CC(Cl)=CC=C25
590,Sertraline,"Inhibitor,Substrate",CN[C@H]1CC[C@@H](C2=CC(Cl)=C(Cl)C=C2)C3=C1C=CC=C3
591,Simvastatin And Ezetimibe,Inhibitor,check_again
592,Somatostatin,Inhibitor,C[C@H](N)C(=O)NCC(=O)N[C@H]1CSSC[C@@H](NC(=O)[C@@H](CO)NC(=O)[C@H](NC(=O)[C@@H](CC2=CC=CC=C2)NC(=O)[C@H](NC(=O)[C@@H](CCCCN)NC(=O)[C@@H](CC3=CNC4=C3C=CC=C4)NC(=O)[C@@H](CC5=CC=CC=C5)NC(=O)[C@@H](CC6=CC=CC=C6)NC(=O)[C@@H](CC(N)=O)NC(=O)[C@@H](CCCCN)NC1=O)[C@H](C)O)[C@H](C)O)C(O)=O
593,Sparteine,"Inhibitor,Substrate",C1CCN2C[C@H]3C[C@H](CN4CCCC[C@H]34)[C@@H]2C1
594,Sulfaphenazole,Inhibitor,NC1=CC=C(C=C1)S(=O)(=O)NC2=CC=NN2C3=CC=CC=C3
595,Tamsulosin,Substrate,CCOC1=C(OCCN[C@H](C)CC2=CC(=C(OC)C=C2)S(N)(=O)=O)C=CC=C1
596,Tetrabenazine,"Inhibitor,Substrate",COC1=CC2=C(C=C1OC)[C@@H]3CC(=O)[C@@H](CC(C)C)CN3CC2
597,Thebacon,Substrate,COC1=CC=C2C[C@@H]3[C@H]4CC=C(OC(C)=O)[C@@H]5OC1=C2[C@]45CCN3C
598,Timolol,"Substrate,Inhibitor",CC(C)(C)NC[C@H](O)COC1=NSN=C1N2CCOCC2
599,Tiotixene,Inhibitor,CN1CCN(CCC=C2C3=C(SC4=C2C=C(C=C4)S(=O)(=O)N(C)C)C=CC=C3)CC1
600,Tiotropium Bromide,Substrate,C[N+]1(C)[C@H]2C[C@@H](C[C@@H]1[C@H]3O[C@@H]23)OC(=O)C(O)(C4=CC=CS4)C5=CC=CS5
601,Tolperisone,Substrate,C[C@H](CN1CCCCC1)C(=O)C2=CC=C(C)C=C2
602,Tolterodine,Substrate,CC(C)N(CC[C@@H](C1=CC=CC=C1)C2=CC(C)=CC=C2O)C(C)C
603,Tramadol,"Inhibitor,Substrate",COC1=CC=CC(=C1)[C@@]2(O)CCCC[C@@H]2CN(C)C
604,Trifluperidol,Substrate,O[C@@]1(CCN(CCCC(=O)C2=CC=C(F)C=C2)CC1)C3=CC(=CC=C3)C(F)(F)F
605,Trimipramine,Substrate,C[C@H](CN(C)C)CN1C2=C(CCC3=C1C=CC=C3)C=CC=C2
606,Tripelennamine,Inhibitor,CN(C)CCN(CC1=CC=CC=C1)C2=CC=CC=N2
607,Triprolidine,Inhibitor,CC1=CC=C(C=C1)C(=C/CN2CCCC2)C3=CC=CC=N3
608,Tropisetron,"Substrate,Inhibitor",CN1C2CCC1CC(C2)OC(=O)C3=CNC4=C3C=CC=C4
609,Venlafaxine,"Inhibitor,Substrate",COC1=CC=C(C=C1)[C@@H](CN(C)C)[C@@]2(O)CCCCC2
610,Vernakalant,Substrate,COC1=C(OC)C=C(CCO[C@@H]2CCCC[C@H]2N2CC[C@@H](O)C2)C=C1
611,Vinblastine,"Substrate,Inhibitor",CC[C@]1(O)C[C@@H]2CN(CCC3=C(NC4=C3C=CC=C4)[C@@](C2)(C(=O)OC)C5=CC6=C(C=C5OC)N(C)[C@H]7[C@](O)([C@H](OC(C)=O)[C@]8(CC)C=CCN9CC[C@]67[C@H]89)C(=O)OC)C1
612,Vinorelbine,"Substrate,Inhibitor",CCC1=C[C@@H]2CN(C1)CC3=C(NC4=C3C=CC=C4)[C@@](C2)(C(=O)OC)C5=C(OC)C=C6N(C)[C@H]7[C@](O)([C@H](OC(C)=O)[C@]8(CC)C=CCN9CC[C@]7([C@H]89)C6=C5)C(=O)OC
613,Yohimbin,"Inhibitor,Substrate",COC(=O)[C@H]1[C@@H](O)CC[C@H]2CN3CCC4=C(NC5=C4C=CC=C5)[C@@H]3C[C@H]12
614,Zotepine,Substrate,CN(C)CCOC1=CC2=CC=CC=C2SC3=C1C=C(Cl)C=C3
615,Zuclopenthixol,Substrate,OCCN1CCN(CCC=C2C3=CC=CC=C3SC4=C2C=C(Cl)C=C4)CC1
616,Sodium Sulfate,Inducer,[O-]S([O-])(=O)=O
617,Thiamine (vit B1),Inducer,CC1=NC(N)=C(C[N+]2=CSC(CCO)=C2C)C=N1
618,Copper Sulfate,"Substrate,Inhibitor",[O-]S([O-])(=O)=O
619,Desoxycortone,Substrate,C[C@]12CC[C@H]3[C@@H](CCC4=CC(=O)CC[C@]34C)[C@@H]1CC[C@@H]2C(=O)CO
620,Spironolactone,"Inducer,Inhibitor",CC(=O)S[C@@H]1CC2=CC(=O)CC[C@]2(C)[C@H]3CC[C@@]4(C)[C@@H](CC[C@@]45CCC(=O)O5)[C@H]13
621,Acriflavinium Chloride,Inducer,Cl.[Cl-].C[n+]1c2cc(N)ccc2cc3ccc(N)cc13.Nc4ccc5cc6ccc(N)cc6nc5c4
622,Arsenic Trioxide,Inhibitor,O=[As]1=[As](=O)O1
623,Biotin,Inducer,OC(=O)CCCC[C@@H]1SC[C@H]2NC(=O)N[C@@H]12
624,Daunorubicin,Inhibitor,COC1=C2C(=O)C3=C(O)C4=C(C[C@](O)(C[C@@H]4O[C@H]5C[C@H](N)[C@H](O)[C@H](C)O5)C(C)=O)C(O)=C3C(=O)C2=CC=C1
625,Diosmectite,Inhibitor,COC1=C(O)C=C(C=C1)C2=CC(=O)C3=C(O)C=C(O)C=C3O2
626,Doxycycline,Inhibitor,C[C@@H]1[C@H]2[C@H](O)[C@H]3[C@H](N(C)C)C(O)=C(C(N)=O)C(=O)[C@@]3(O)C(O)=C2C(=O)C4=C(O)C=CC=C14
627,Flutamide,"Inhibitor,Substrate",CC(C)C(=O)NC1=CC(=C(C=C1)[N+]([O-])=O)C(F)(F)F
628,Metharbital,Inducer,CCC1(CC)C(=O)NC(=O)N(C)C1=O
629,Mitobronitol,Inducer,O[C@H](CBr)[C@@H](O)[C@H](O)[C@H](O)CBr
630,Oxolamine,Inducer,CCN(CC)CCC1=NC(=NO1)C2=CC=CC=C2
631,Procarbazine,Substrate,CNNCC1=CC=C(C=C1)C(=O)NC(C)C
632,Salicylamide,Inhibitor,NC(=O)C1=C(O)C=CC=C1
633,Tryptophan,Inducer,N[C@@H](CC1=CNC2=C1C=CC=C2)C(O)=O
634,Pemetrexed,Substrate,NC1=NC2=C(C(=O)N1)C(CCC3=CC=C(C=C3)C(=O)N[C@H](CCC(O)=O)C(O)=O)=CN2
635,Sulfasalazine,Inhibitor,OC(=O)C1=C(O)C=CC(=C1)N=NC2=CC=C(C=C2)S(=O)(=O)NC3=CC=CC=N3
636,Methoxsalen,Inhibitor,COC1=C2OC(=O)C=CC2=CC3=C1OC=C3
637,Hydroxybutyric Acid,Substrate,CCCC(O)=O
638,Milchsure,Substrate,C[C@@H](O)C(O)=O
639,Niflumic Acid,Inhibitor,OC(=O)C1=C(NC2=CC(=CC=C2)C(F)(F)F)N=CC=C1
640,Aminohippuric Acid,Substrate,NC1=CC=C(C=C1)C(=O)NCC(O)=O
641,Amoxicillin,"Substrate,Inhibitor",CC1(C)S[C@@H]2[C@H](NC(=O)[C@H](N)C3=CC=C(O)C=C3)C(=O)N2[C@H]1C(O)=O
642,Cefaclor,Inhibitor,N[C@@H](C(=O)N[C@H]1[C@H]2SCC(Cl)=C(N2C1=O)C(O)=O)C3=CC=CC=C3
643,Cefazolin,Substrate,CC1=NN=C(SCC2=C(N3[C@H](SC2)[C@H](NC(=O)CN4C=NN=N4)C3=O)C(O)=O)S1
644,Cidofovir,Substrate,NC1=NC(=O)N(C[C@@H](CO)OCP(O)(O)=O)C=C1
645,Famotidine,Substrate,NC(N)=NC1=NC(CSCCC(N)=N/S(N)(=O)=O)=CS1
646,Fluorescein,Substrate,OC1=CC2=C(C=C1)[C@]3(OC(=O)C4=C3C=CC=C4)C5=C(O2)C=C(O)C=C5
647,Lumiracoxib,Inhibitor,CC1=CC(CC(O)=O)=C(NC2=C(Cl)C=CC=C2F)C=C1
648,Meropenem,Substrate,C[C@@H](O)[C@@H]1[C@H]2[C@@H](C)C(S[C@H]3CC[C@H](N3)C(=O)N(C)C)=C(N2C1=O)C(O)=O
649,Mycophenolic Acid,Substrate,COC1=C(C)C2=C(C(O)=C1CC=C(/C)CCC(O)=O)C(=O)OC2
650,Piroxicam,Inhibitor,CN1C(C(=O)NC2=CC=CC=N2)=C(O)C3=C(C=CC=C3)S1(=O)=O
651,Probenecid,Inhibitor,CCCN(CCC)S(=O)(=O)C1=CC=C(C=C1)C(O)=O
652,Aciclovir,Substrate,NC1=NC2=C(N=CN2COCCO)C(=O)N1
653,Azithromycin,Substrate,CC[C@H]1OC(=O)[C@H](C)[C@@H](O[C@H]2C[C@@](C)(OC)[C@@H](O)[C@H](C)O2)[C@@H](C)[C@@H](O[C@@H]3O[C@H](C)C[C@@H]([C@H]3O)N(C)C)[C@](C)(O)C[C@@H](C)CN(C)[C@H](C)[C@@H](O)[C@]1(C)O
654,Benzbromarone,Substrate,CCC1=C(C(=O)C2=CC(Br)=C(O)C(Br)=C2)C3=CC=CC=C3O1
655,Benzylpenicillin,Inducer,CC1(C)S[C@@H]2[C@H](NC(=O)CC3=CC=CC=C3)C(=O)N2[C@H]1C(O)=O
656,Enoxolone,Inhibitor,CC1(C)[C@@H](O)CC[C@@]2(C)[C@H]1CC[C@]3(C)[C@@H]2C(=O)C=C4[C@@H]5C[C@](C)(CC[C@]5(C)CC[C@@]34C)C(O)=O
657,Eprosartan,Inducer,CCCCC1=NC=C(C=C(/CC2=CC=CS2)C(O)=O)N1CC3=CC=C(C=C3)C(O)=O
658,Etodolac,Inhibitor,CCC1=CC=CC2=C1NC3=C2CCO[C@@]3(CC)CC(O)=O
659,Fluorouracil,Substrate,FC1=CNC(=O)NC1=O
660,Gentamicin,Inducer,CN[C@H](C)[C@@H]1CC[C@H](N)[C@H](O1)O[C@@H]2[C@@H](N)C[C@H](N)[C@H](O[C@H]3OC[C@](C)(O)[C@@H](NC)[C@@H]3O)[C@H]2O
661,Glibenclamide,Inhibitor,COC1=C(C=C(Cl)C=C1)C(=O)NCCC2=CC=C(C=C2)S(=O)(=O)NC(=O)N[C@H]3CCCCC3
662,Grepafloxacin,Substrate,C[C@H]1CN(CCN1)C2=C(F)C(C)=C3C(=O)C(=CN([C@@H]4CC4)C3=C2)C(O)=O
663,Midecamycin,Inhibitor,CCC(=O)O[C@@H]1CC(=O)O[C@@H](C)CC=CC=C[C@@H](O)[C@H](C)C[C@H](CC=O)[C@H](O[C@@H]2O[C@H](C)[C@@H](O[C@H]3C[C@@](C)(O)[C@H](OC(=O)CC)[C@@H](C)O3)[C@@H]([C@H]2O)N(C)C)[C@@H]1OC
664,Montelukast,Inhibitor,CC(C)(O)C1=C(CC[C@@H](SC[C@]2(CC2)CC(O)=O)C3=CC(=CC=C3)C=CC4=NC5=CC(Cl)=CC=C5C=C4)C=CC=C1
665,Octreotide,Substrate,C[C@@H](O)[C@@H](CO)NC(=O)[C@@H]1CSSC[C@H](NC(=O)[C@H](N)CC2=CC=CC=C2)C(=O)N[C@H](CC3=CC=CC=C3)C(=O)N[C@H](CC4=CNC5=CC=CC=C45)C(=O)N[C@H](CCCCN)C(=O)N[C@@H]([C@@H](C)O)C(=O)N1
666,Phenolphthalein,Substrate,OC1=CC=C(C=C1)[C@@]2(OC(=O)C3=C2C=CC=C3)C4=CC=C(O)C=C4
667,Sulfinpyrazon,"Substrate,Inhibitor",O=C1[C@H](CCS(=O)C2=CC=CC=C2)C(=O)N(N1C3=CC=CC=C3)C4=CC=CC=C4
668,Talinolol,Substrate,CC(C)(C)NC[C@@H](O)COC1=CC=C(NC(=O)N[C@@H]2CCCCC2)C=C1
669,Valsartan,Substrate,CCCCC(=O)N(CC1=CC=C(C=C1)C2=C(C=CC=C2)C3=NN=NN3)[C@@H](C(C)C)C(O)=O
670,Bumetanide,Inhibitor,CCCCNC1=C(OC2=CC=CC=C2)C(=CC(=C1)C(O)=O)S(N)(=O)=O
671,Kanamycin,Inhibitor,NC[C@H]1O[C@H](O[C@@H]2[C@@H](N)C[C@@H](N)[C@H](O[C@H]3O[C@H](CO)[C@@H](O)[C@H](N)[C@H]3O)[C@H]2O)[C@H](O)[C@@H](O)[C@@H]1O
672,Lithium,Inducer,[Li]
673,Methoxamine,Inducer,COC1=CC([C@@H](O)[C@@H](C)N)=C(OC)C=C1
674,Nitroprusside,Inhibitor,O=N[Fe](C#N)(C#N)(C#N)(C#N)C#N
675,Oxygen,Inducer,O=O
676,Oxytocin,Inducer,CC[C@H](C)[C@H]1NC(=O)[C@@H](CC2=CC=C(O)C=C2)NC(=O)[C@@H](N)CSSC[C@@H](NC(=O)[C@@H](CC(N)=O)NC(=O)[C@@H](CCC(N)=O)NC1=O)C(=O)N3CCC[C@H]3C(=O)N[C@@H](CC(C)C)C(=O)NCC(N)=O
677,Potassium Chloride,Substrate,[Cl-].[K+]
678,Aminolevulinic Acid,Substrate,NCC(=O)CCC(O)=O
679,Cefadroxil,Substrate,CC1=C(N2[C@H](SC1)[C@H](NC(=O)[C@H](N)C3=CC=C(O)C=C3)C2=O)C(O)=O
680,Fosinopril,Substrate,CCC(=O)O[C@@H](O[P@@](=O)(CCCCC1=CC=CC=C1)CC(=O)N2C[C@@H](C[C@H]2C(O)=O)[C@H]3CCCCC3)C(C)C
681,Quinapril,Inhibitor,CCOC(=O)[C@H](CCC1=CC=CC=C1)N[C@@H](C)C(=O)N2CC3=C(C[C@H]2C(O)=O)C=CC=C3
682,Valaciclovir,Substrate,CC(C)[C@H](N)C(=O)OCCOCN1C=NC2=C1N=C(N)NC2=O
683,Valganciclovir,Inhibitor,CC(C)[C@H](N)C(=O)OC[C@H](CO)OCN1C=NC2=C1NC(N)=NC2=O
684,Aprobarbital,Inducer,CC(C)[C@]1(CC=C)C(=O)NC(=O)NC1=O
685,Clonazepam,"Inducer,Inhibitor",[O-][N+](=O)C1=CC2=C(NC(=O)CN=C2C3=C(Cl)C=CC=C3)C=C1
686,Clopidogrel,"Inhibitor,Substrate",COC(=O)[C@@H](N1CCC2=C(C1)C=CS2)C3=C(Cl)C=CC=C3
687,Esketamine,Substrate,CN[C@@]1(CCCCC1=O)C2=C(Cl)C=CC=C2
688,Flunitrazepam,Substrate,CN1C(=O)CN=C(C2=C(F)C=CC=C2)C3=C1C=CC(=C3)[N+]([O-])=O
689,Fosphenytoin,Inhibitor,OP(O)(=O)OCN1C(=O)N[C@](C1=O)(C2=CC=CC=C2)C3=CC=CC=C3
690,Ketamine,Substrate,CN[C@]1(CCCCC1=O)C2=C(Cl)C=CC=C2
691,Ketobemidone,Substrate,CCC(=O)[C@@]1(CCN(C)CC1)C2=CC(O)=CC=C2
692,Levoverbenone,Substrate,CC1=CC(=O)[C@@H]2C[C@H]1C2(C)C
693,Malathion,Substrate,CCOC(=O)C[C@H](SP(=S)(OC)OC)C(=O)OCC
694,Methylphenobarbital,Substrate,CC[C@]1(C(=O)NC(=O)N(C)C1=O)C2=CC=CC=C2
695,Modafinil,"Inducer,Inhibitor",NC(=O)CS(=O)C(C1=CC=CC=C1)C2=CC=CC=C2
696,Permethrin,"Inducer,Substrate",CC1(C)[C@@H](C=C(Cl)Cl)[C@H]1C(=O)OCC2=CC(OC3=CC=CC=C3)=CC=C2
697,Pethidine,Substrate,CCOC(=O)[C@@]1(CCN(C)CC1)C2=CC=CC=C2
698,Primidone,Inducer,CC[C@@]1(C(=O)NCNC1=O)C2=CC=CC=C2
699,Roxithromycin,Inhibitor,CC[C@H]1OC(=O)[C@H](C)[C@@H](O[C@@H]2C[C@](C)(OC)[C@H](O)[C@H](C)O2)[C@H](C)[C@@H](O[C@H]3O[C@@H](C)C[C@@H]([C@@H]3O)N(C)C)[C@](C)(O)C[C@@H](C)C(=N/OCOCCOC)[C@H](C)[C@@H](O)[C@]1(C)O
700,Temazepam,Substrate,CN1C(=O)[C@H](O)N=C(C2=CC=CC=C2)C3=C1C=CC(Cl)=C3
701,Trofosfamide,Substrate,ClCCN(CCCl)[P@]1(=O)OCCCN1CCCl
702,Acetylcarnitine,Substrate,CC(=O)O[C@H](CC([O-])=O)C[N+](C)(C)C
703,Cefepime,Inhibitor,CON=C(/C(=O)N[C@H]1[C@H]2SCC(C[N@+]3(C)CCCC3)=C(N2C1=O)C([O-])=O)C4=CSC(N)=N4
704,Fenofibrate,Inhibitor,CC(C)OC(=O)C(C)(C)OC1=CC=C(C=C1)C(=O)C2=CC=C(Cl)C=C2
705,Ergoloid Mesylates,Inhibitor,CC(C)C[C@@H]1N2C(=O)[C@](NC(=O)[C@@H]3C[C@H]4[C@@H](CC5=CNC6=CC=CC4=C56)N(C)C3)(O[C@@]2(O)[C@@H]7CCCN7C1=O)C(C)C
706,Reserpine,"Inhibitor,Substrate",CO[C@H]1[C@@H](C[C@@H]2CN3CCC4=C(NC5=C4C=CC(OC)=C5)[C@H]3C[C@@H]2[C@@H]1C(=O)OC)OC(=O)C6=CC(OC)=C(OC)C(OC)=C6
707,Sodium Bicarbonate,Substrate,OC([O-])=O
708,Hydroxyprogesterone,Substrate,CC(=O)[C@@]1(O)CC[C@H]2[C@@H]3CCC4=CC(=O)CC[C@]4(C)[C@H]3CC[C@]12C
709,Alfacalcidol,Substrate,CC(C)CCC[C@@H](C)[C@H]1CC[C@H]2C(CCC[C@]12C)=CC=C3C[C@H](O)C[C@@H](O)C3=C
710,Ebastine,Substrate,CC(C)(C)C1=CC=C(C=C1)C(=O)CCCN2CC[C@H](CC2)OC(C3=CC=CC=C3)C4=CC=CC=C4
711,Oxypertine,Inducer,COC1=CC2=C(C=C1OC)C(CCN3CCN(CC3)C4=CC=CC=C4)=C(C)N2
712,Desmopressin,Inducer,NC(=N)NCCC[C@@H](NC(=O)[C@@H]1CCCN1C(=O)[C@H]2CSSCCC(=O)N[C@H](CC3=CC=C(O)C=C3)C(=O)N[C@H](CC4=CC=CC=C4)C(=O)N[C@H](CCC(N)=O)C(=O)N[C@H](CC(N)=O)C(=O)N2)C(=O)NCC(N)=O
713,Hydrochlorothiazide,Inducer,NS(=O)(=O)C1=CC2=C(NCNS2(=O)=O)C=C1Cl
714,Vasopressin,Inducer,CC[C@H](C)[C@H]1NC(=O)[C@@H](CC2=CC=C(O)C=C2)NC(=O)[C@@H](N)CSSC[C@@H](NC(=O)[C@@H](CC(N)=O)NC(=O)[C@@H](CCC(N)=O)NC1=O)C(=O)N3CCC[C@H]3C(=O)N[C@@H](CCCNC(N)=N)C(=O)NCC(N)=O
715,Aminomethylbenzoic Acid,Inhibitor,NCC1=CC=C(C=C1)C(O)=O
716,Cefixime,Substrate,NC1=NC(=CS1)C(=N/OCC(O)=O)C(=O)N[C@H]2[C@H]3SCC(C=C)=C(N3C2=O)C(O)=O
717,Cefradine,"Inhibitor,Substrate",CC1=C(N2[C@H](SC1)[C@H](NC(=O)[C@H](N)C3=CCC=CC3)C2=O)C(O)=O
718,Ceftibuten,Substrate,NC1=NC(=CS1)C(=C/CC(O)=O)C(=O)N[C@H]2[C@@H]3SCC=C(N3C2=O)C(O)=O
719,Didanosine,Substrate,OC[C@@H]1CC[C@@H](O1)N2C=NC3=C2N=CNC3=O
720,Nitrogen,Substrate,N#N
721,Oseltamivir,Substrate,CCOC(=O)C1=C[C@@H](OC(CC)CC)[C@H](NC(C)=O)[C@@H](N)C1
722,Sulpiride,Substrate,CCN1CCC[C@H]1CNC(=O)C2=C(OC)C=CC(=C2)S(N)(=O)=O
723,Candesartan,Inhibitor,CCOC1=NC2=CC=CC(C(O)=O)=C2N1CC3=CC=C(C=C3)C4=CC=CC=C4C5=NN=NN5
724,Pranlukast,Inhibitor,O=C(NC1=CC=C2C(=O)C=C(OC2=C1)C3=NN=NN3)C4=CC=C(OCCCCC5=CC=CC=C5)C=C4
725,Calcifediol,Substrate,C[C@H](CCCC(C)(C)O)[C@H]1CC[C@H]2C(CCC[C@]12C)=CC=C3C[C@H](O)CCC3=C
726,Teriparatide,Inhibitor,CC[C@H](C)[C@@H](NC(=O)[C@H](CCC(O)=O)NC(=O)[C@H](CO)NC(=O)[C@H](NC(=O)[C@@H](N)CO)C(C)C)C(=O)N[C@@H](CCC(N)=O)C(=O)N[C@@H](CC(C)C)C(=O)N[C@@H](CCSC)C(=O)N[C@@H](CC1=CNC=N1)C(=O)N[C@@H](CC(N)=O)C(=O)N[C@@H](CC(C)C)C(=O)NCC(=O)N[C@@H](CCCCN)C(=O)N[C@@H](CC2=CNC=N2)C(=O)N[C@@H](CC(C)C)C(=O)N[C@@H](CC(N)=O)C(=O)N[C@@H](CO)C(=O)N[C@@H](CCSC)C(=O)N[C@@H](CCC(O)=O)C(=O)N[C@@H](CCCNC(N)=N)C(=O)N[C@@H](C(C)C)C(=O)N[C@@H](CCC(O)=O)C(=O)N[C@@H](CC3=CNC4=C3C=CC=C4)C(=O)N[C@@H](CC(C)C)C(=O)N[C@@H](CCCNC(N)=N)C(=O)N[C@@H](CCCCN)C(=O)N[C@@H](CCCCN)C(=O)N[C@@H](CC(C)C)C(=O)N[C@@H](CCC(N)=O)C(=O)N[C@@H](CC(O)=O)C(=O)N[C@@H](C(C)C)C(=O)N[C@@H](CC5=CNC=N5)C(=O)N[C@@H](CC(N)=O)C(=O)N[C@@H](CC6=CC=CC=C6)C(O)=O
727,Amiloride,Inhibitor,NC(=N)NC(=O)C1=NC(Cl)=C(N)N=C1N
728,Lamivudine,Substrate,NC1=NC(=O)N(C=C1)[C@@H]2CS[C@H](CO)O2
729,Pramipexole,Substrate,CCCN[C@@H]1CCC2=C(C1)SC(N)=N2
730,Prazosin,Inhibitor,COC1=CC2=C(C=C1OC)C(N)=NC(=N2)N3CCN(CC3)C(=O)C4=CC=CO4
731,Ganciclovir,Substrate,NC1=NC2=C(N=CN2COC(CO)CO)C(=O)N1
732,Levoglutamide,"Substrate,Inducer",N[C@@H](CCC(N)=O)C(O)=O
733,Beclometasone,Inducer,C[C@H]1C[C@H]2[C@@H]3CCC4=CC(=O)C=C[C@]4(C)[C@@]3(Cl)[C@@H](O)C[C@]2(C)[C@@]1(O)C(=O)CO
734,Cyclobarbital,Inducer,CC[C@@]1(C(=O)NC(=O)NC1=O)C2=CCCCC2
735,Dutasteride,Substrate,C[C@]12CC[C@H]3[C@@H](CC[C@H]4NC(=O)C=C[C@]34C)[C@@H]1CC[C@@H]2C(=O)NC5=CC(=CC=C5C(F)(F)F)C(F)(F)F
736,Losartan,Substrate,CCCCC1=NC(Cl)=C(CO)N1CC2=CC=C(C=C2)C3=C(C=CC=C3)C4=NN=NN4
737,Nimodipine,Substrate,COCCOC(=O)C1=C(C)NC(C)=C([C@@H]1C2=CC(=CC=C2)[N+]([O-])=O)C(=O)OC(C)C
738,Oxcarbazepine,Inducer,NC(=O)N1C2=C(CC(=O)C3=C1C=CC=C3)C=CC=C2
739,Prednisolone,"Substrate,Inducer",C[C@]12C[C@H](O)[C@H]3[C@@H](CCC4=CC(=O)C=C[C@]34C)[C@@H]1CC[C@]2(O)C(=O)CO
740,Teniposide,Substrate,COC1=CC(=CC(OC)=C1O)[C@H]2[C@@H]3[C@H](COC3=O)[C@H](O[C@@H]4O[C@@H]5CO[C@H](O[C@H]5[C@H](O)[C@H]4O)C6=CC=CS6)C7=C2C=C8OCOC8=C7
741,Vardenafil,Substrate,CCCC1=NC(C)=C2N1NC(=NC2=O)C3=C(OCC)C=CC(=C3)S(=O)(=O)N4CCN(CC)CC4
742,Zonisamide,Substrate,NS(=O)(=O)CC1=NOC2=C1C=CC=C2
743,Bromides,Substrate,[Br-]
744,Chlorcyclizine,Substrate,CN1CCN(CC1)[C@@H](C2=CC=CC=C2)C3=CC=C(Cl)C=C3
745,Dipyridamole,Inhibitor,OCCN(CCO)C1=NC2=C(N=C(N=C2N3CCCCC3)N(CCO)CCO)C(=N1)N4CCCCC4
746,Epirubicin,Inducer,COC1=C2C(=O)C3=C(O)C4=C(C[C@](O)(C[C@@H]4O[C@H]5C[C@H](N)[C@@H](O)[C@H](C)O5)C(=O)CO)C(O)=C3C(=O)C2=CC=C1
747,G-strophanthin,Inducer,C[C@@H]1O[C@@H](O[C@H]2C[C@@H](O)[C@]3(CO)[C@H]4[C@H](O)C[C@]5(C)[C@H](CC[C@]5(O)[C@H]4CC[C@]3(O)C2)C6=CC(=O)OC6)[C@H](O)[C@H](O)[C@H]1O
748,Ivermectin,"Substrate,Inhibitor",CC[C@H](C)[C@H]1O[C@]2(CC[C@@H]1C)C[C@@H]3C[C@@H](CC=C(C)[C@@H](O[C@H]4C[C@H](OC)[C@@H](O[C@H]5C[C@H](OC)[C@@H](O)[C@H](C)O5)[C@H](C)O4)[C@@H](C)C=CC=C6/CO[C@@H]7[C@H](O)C(C)=C[C@@H](C(=O)O3)[C@]67O)O2
749,Adinazolam,Substrate,CN(C)CC1=NN=C2CN=C(C3=CC=CC=C3)C4=C(C=CC(Cl)=C4)N12
750,Carisoprodol,Substrate,CCC[C@@](C)(COC(N)=O)COC(=O)NC(C)C
751,Chloramphenicol,"Inhibitor,Substrate",OC[C@@H](NC(=O)C(Cl)Cl)[C@H](O)C1=CC=C(C=C1)[N+]([O-])=O
752,Chlormadinone,Inhibitor,CC(=O)[C@@]1(O)CC[C@H]2[C@@H]3C=C(Cl)C4=CC(=O)CC[C@]4(C)[C@H]3CC[C@]12C
753,Chlorpropamide,Substrate,CCCNC(=O)NS(=O)(=O)C1=CC=C(Cl)C=C1
754,Desogestrel,Substrate,CC[C@]12CC(=C)[C@H]3[C@@H](CCC4=CCCC[C@H]34)[C@@H]1CC[C@@]2(O)C#C
755,Dronabinol,Substrate,CCCCCC1=CC2=C([C@@H]3C=C(C)CC[C@H]3C(C)(C)O2)C(O)=C1
756,Esomeprazole,Substrate,COC1=CC2=C([N-]C(=N2)S(=O)CC3=NC=C(C)C(OC)=C3C)C=C1
757,Ethotoin,Inhibitor,CCN1C(=O)N[C@H](C1=O)C2=CC=CC=C2
758,Etizolam,Substrate,CCC1=CC2=C(S1)N3C(C)=NN=C3CN=C2C4=C(Cl)C=CC=C4
759,Fosamprenavir,Inhibitor,CC(C)CN(C[C@@H](OP(O)(O)=O)[C@H](CC1=CC=CC=C1)NC(=O)O[C@H]2CCOC2)S(=O)(=O)C3=CC=C(N)C=C3
760,Gliclazide,Inhibitor,CC1=CC=C(C=C1)S(=O)(=O)NC(=O)NN2C[C@@H]3CCC[C@@H]3C2
761,Glipizide,Substrate,CC1=CC=C(N=C1)C(=O)NCCC2=CC=C(C=C2)S(=O)(=O)NC(=O)N[C@H]3CCCCC3
762,Hexobarbital,Substrate,CN1C(O)=NC(=O)[C@@](C)(C2=CCCCC2)C1=O
763,Lafutidine,Inhibitor,O=C(CS(=O)CC1=CC=CO1)NCC=C/COC2=NC=CC(CN3CCCCC3)=C2
764,Lynestrenol,"Inducer,Substrate",C[C@]12CC[C@H]3[C@@H](CCC4=CCCC[C@H]34)[C@@H]1CC[C@@]2(O)C#C
765,Mesuximide,"Inhibitor,Substrate",CN1C(=O)C[C@](C)(C1=O)C2=CC=CC=C2
766,Nilutamide,"Inhibitor,Substrate",CC1(C)NC(=O)N(C2=CC(=C(C=C2)[N+]([O-])=O)C(F)(F)F)C1=O
767,Nordazepam,Substrate,ClC1=CC2=C(NC(=O)CN=C2C3=CC=CC=C3)C=C1
768,Noscapine,Inhibitor,COC1=C(OC)C2=C(C=C1)[C@@H](OC2=O)[C@@H]3N(C)CCC4=CC5=C(OCO5)C(OC)=C34
769,Pentobarbital,Substrate,CCC[C@@H](C)[C@@]1(CC)C(=O)NC(=O)NC1=O
770,Phensuximide,Inhibitor,CN1C(=O)C[C@@H](C1=O)C2=CC=CC=C2
771,Podophyllotoxin,Substrate,COC1=CC(=CC(OC)=C1OC)[C@@H]2[C@H]3[C@@H](COC3=O)CC4=C2C=C5OCOC5=C4
772,Promazine,Substrate,CN(C)CCCN1C2=C(SC3=C1C=CC=C3)C=CC=C2
773,Quazepam,Substrate,FC1=C(C=CC=C1)C2=NCC(=S)N(CC(F)(F)F)C3=C2C=C(Cl)C=C3
774,Rabeprazole,"Inhibitor,Substrate",COCCCOC1=C(C)C(CC(=O)C2=NC3=C(N2)C=CC=C3)=NC=C1
775,Seratrodast,"Inhibitor,Substrate",CC1=C(C)C(=O)C([C@H](CCCCCC(O)=O)C2=CC=CC=C2)=C(C)C1=O
776,Telmisartan,Inhibitor,CCCC1=NC2=C(C)C=C(C=C2N1CC3=CC=C(C=C3)C4=C(C=CC=C4)C(O)=O)C5=NC6=CC=CC=C6N5C
777,Topiramate,Inhibitor,CC1(C)O[C@H]2CO[C@]3(COS(N)(=O)=O)OC(C)(C)O[C@H]3[C@H]2O1
778,Valdecoxib,Inhibitor,CC1=C(C2=CC=C(C=C2)S(N)(=O)=O)C(=NO1)C3=CC=CC=C3
779,Voriconazole,"Inhibitor,Substrate",C[C@@H](C1=NC=NC=C1F)[C@](O)(CN2C=NC=N2)C3=C(F)C=C(F)C=C3
780,Zidovudine,Substrate,CC1=CN([C@H]2C[C@H](N=[N+]=[N-])[C@@H](CO)O2)C(=O)NC1=O
781,Amobarbital,Inducer,CC[C@@]1(CCC(C)C)C(=O)NC(=O)NC1=O
782,Artesunate,Substrate,C[C@H]1CC[C@H]2[C@H](C)[C@H](O[C@H]3O[C@]4(C)CC[C@H]1[C@]23OO4)OC(=O)CCC(O)=O
783,Indigo Carmine,Inhibitor,[O-]S(=O)(=O)C1=CC=C2NC(C(=O)C2=C1)=C3NC4=CC=C(C=C4C3=O)S([O-])(=O)=O
784,Medifoxamine,Substrate,CN(C)CC(OC1=CC=CC=C1)OC2=CC=CC=C2
785,Nicotinyl Alcohol (pyridylcarbinol),Substrate,OCC1=CC=CN=C1
786,Arbekacin,Substrate,NCC[C@H](O)C(=O)N[C@@H]1C[C@H](N)[C@@H](O[C@H]2O[C@H](CN)CC[C@H]2N)[C@H](O)[C@H]1O[C@H]1O[C@H](CO)[C@@H](O)[C@H](N)[C@H]1O
787,Bergapten,Inhibitor,COC1=C2C=CC(=O)OC2=CC3=C1C=CO3
788,Bromocriptine,Inhibitor,CC(C)C[C@@H]1N2C(=O)[C@](NC(=O)[C@H]3CN(C)[C@@H]4CC5=C(Br)NC6=CC=CC(C4=C3)=C56)(O[C@@]2(O)[C@@H]7CCCN7C1=O)C(C)C
789,Carbachol,Inhibitor,C[N+](C)(C)CCOC(N)=O
790,Dihydralazine,Substrate,NNC1=NN=C(NN)C2=C1C=CC=C2
791,Iproniazide,Inhibitor,CC(C)NNC(=O)C1=CC=NC=C1
792,Lindane,Inducer,Cl[C@H]1[C@H](Cl)[C@@H](Cl)[C@@H](Cl)[C@H](Cl)[C@H]1Cl
793,Netilmicin,Substrate,CCN[C@@H]1C[C@H](N)[C@@H](O[C@@H]2OC(CN)=CC[C@H]2N)[C@H](O)[C@H]1O[C@H]3OC[C@](C)(O)[C@H](NC)[C@H]3O
794,Oxedrine,Inhibitor,CNC[C@@H](O)C1=CC=C(O)C=C1
795,Sulfamethoxazole,Substrate,CC1=CC(NS(=O)(=O)C2=CC=C(N)C=C2)=NO1
796,Sulfapyridine,Substrate,NC1=CC=C(C=C1)S(=O)(=O)NC2=CC=CC=N2
797,Sultiame,Inducer,NS(=O)(=O)C1=CC=C(C=C1)N2CCCCS2(=O)=O
798,Tobramycin,Substrate,NC[C@H]1O[C@H](O[C@@H]2[C@@H](N)C[C@@H](N)[C@H](O[C@H]3O[C@H](CO)[C@@H](O)[C@H](N)[C@H]3O)[C@H]2O)[C@H](N)C[C@@H]1O
799,Aceclofenac,Substrate,OC(=O)COC(=O)CC1=CC=CC=C1NC2=C(Cl)C=CC=C2Cl
800,Acenocoumarol,"Inhibitor,Substrate",CC(=O)C[C@H](C1=CC=C(C=C1)[N+]([O-])=O)C2=C(O)C3=C(OC2=O)C=CC=C3
801,Adefovir Dipivoxil,Inhibitor,CC(C)(C)C(=O)OCOP(=O)(COCCN1C=NC2=C1N=CN=C2N)OCOC(=O)C(C)(C)C
802,Atovaquone,Inhibitor,OC1=C([C@H]2CC[C@@H](CC2)C3=CC=C(Cl)C=C3)C(=O)C4=C(C=CC=C4)C1=O
803,Azapropazone,Inhibitor,CCC[C@H]1C(=O)N2N(C1=O)C(=NC3=C2C=C(C)C=C3)N(C)C
804,Bexarotene,Substrate,CC1=CC2=C(C=C1C(=C)C3=CC=C(C=C3)C(O)=O)C(C)(C)CCC2(C)C
805,Capecitabine,Inhibitor,CCCCCOC(=O)NC1=NC(=O)N(C=C1F)[C@@H]2O[C@H](C)[C@@H](O)[C@H]2O
806,Clevidipine,Inhibitor,CCCC(=O)OCOC(=O)C1=C(C)NC(C)=C(C1C1=CC=CC(Cl)=C1Cl)C(=O)OC
807,Cyamemazine,Substrate,C[C@H](CN(C)C)CN1C2=C(SC3=C1C=C(C=C3)C#N)C=CC=C2
808,Cyclizine,Inhibitor,CN1CCN(CC1)C(C2=CC=CC=C2)C3=CC=CC=C3
809,Dexibuprofen,Inhibitor,CC(C)CC1=CC=C(C=C1)[C@H](C)C(O)=O
810,Diclofenamide,Inducer,NS(=O)(=O)C1=CC(Cl)=C(Cl)C(=C1)S(N)(=O)=O
811,Epoprostenol,Substrate,CCCCC[C@H](O)C=C[C@H]1[C@H](O)C[C@@H]2OC(C[C@H]12)=C/CCCC(O)=O
812,Flurbiprofen,"Inhibitor,Substrate",C[C@H](C(O)=O)C1=CC=C(C(F)=C1)C2=CC=CC=C2
813,Glimepiride,Substrate,CCC1=C(C)CN(C(=O)NCCC2=CC=C(C=C2)S(=O)(=O)NC(=O)N[C@@H]3CC[C@@H](C)CC3)C1=O
814,Griseofulvin,Inducer,COC1=CC(OC)=C2C(=O)[C@]3(OC2=C1Cl)[C@H](C)CC(=O)C=C3OC
815,Leflunomide,"Inhibitor,Substrate",CC1=C(C=NO1)C(=O)NC2=CC=C(C=C2)C(F)(F)F
816,Lornoxicam,"Inhibitor,Substrate",CN1C(C(=O)NC2=CC=CC=N2)=C(O)C3=C(C=C(Cl)S3)S1(=O)=O
817,Medroxyprogesterone,Inhibitor,C[C@H]1C[C@@H]2[C@H](CC[C@@]3(C)[C@H]2CC[C@]3(O)C(C)=O)[C@@]4(C)CCC(=O)C=C14
818,Mefenamic Acid,"Substrate,Inhibitor",CC1=CC=CC(NC2=C(C=CC=C2)C(O)=O)=C1C
819,Meloxicam,"Inhibitor,Substrate",CN1C(C(=O)NC2=NC=C(C)S2)=C(O)C3=CC=CC=C3S1(=O)=O
820,Metronidazole,"Inhibitor,Substrate",CC1=NC=C(N1CCO)[N+]([O-])=O
821,Nimesulide,"Inhibitor,Substrate",CS(=O)(=O)NC1=C(OC2=CC=CC=C2)C=C(C=C1)[N+]([O-])=O
822,Oxaprozin,Substrate,OC(=O)CCC1=NC(=C(O1)C2=CC=CC=C2)C3=CC=CC=C3
823,Phenprocoumon,Substrate,CC[C@H](C1=CC=CC=C1)C2=C(O)C3=C(OC2=O)C=CC=C3
824,Phenylbutazone,"Inhibitor,Substrate",CCCC[C@H]1C(=O)N(N(C1=O)C2=CC=CC=C2)C3=CC=CC=C3
825,Propanol,Inhibitor,CCCO
826,Secobarbital,Inducer,CCC[C@@H](C)[C@]1(CC=C)C(=O)NC(=O)NC1=O
827,Sulfadimethoxine,Inhibitor,COC1=NC(OC)=NC(NS(=O)(=O)C2=CC=C(N)C=C2)=C1
828,Sulfadimidine,Inhibitor,CC1=CC(C)=NC(NS(=O)(=O)C2=CC=C(N)C=C2)=N1
829,Sulfafurazole,"Substrate,Inhibitor",CC1=NOC(NS(=O)(=O)C2=CC=C(N)C=C2)=C1C
830,Sulfamethizole,Inhibitor,CC1=NN=C(NS(=O)(=O)C2=CC=C(N)C=C2)S1
831,Sulfamethoxazole And Trimethoprim,"Inhibitor,Substrate",check_again
832,Sulfamoxole,Inhibitor,CC1=C(C)N=C(NS(=O)(=O)C2=CC=C(N)C=C2)O1
833,Suprofen,"Inhibitor,Substrate",C[C@H](C(O)=O)C1=CC=C(C=C1)C(=O)C2=CC=CS2
834,Tenoxicam,Substrate,CN1C(C(=O)NC2=CC=CC=N2)=C(O)C3=C(C=CS3)S1(=O)=O
835,Ximelagatran,Substrate,CCOC(=O)CN[C@H]([C@H]1CCCCC1)C(=O)N2CC[C@H]2C(=O)NCC3=CC=C(C=C3)C=NNO
836,Meglutol,Inhibitor,CC(O)(CC(O)=O)CC(O)=O
837,Sertaconazole,Inhibitor,ClC1=CC(Cl)=C(C=C1)[C@@H](CN2C=CN=C2)OCC3=CSC4=C3C=CC=C4Cl
838,Terconazole,Inhibitor,CC(C)N1CCN(CC1)C2=CC=C(OC[C@H]3CO[C@](CN4C=NC=N4)(O3)C5=C(Cl)C=C(Cl)C=C5)C=C2
839,Tenidap,Inhibitor,NC(=O)N1C(=O)C(=C(/O)C2=CC=CS2)C3=C1C=CC(Cl)=C3
840,Aminosalicylic Acid,Substrate,NC1=CC(O)=C(C=C1)C(O)=O
841,Cefaloridine,Substrate,[O-]C(=O)C1=C(CS[C@@H]2[C@H](NC(=O)CC3=CC=CS3)C(=O)N12)C[N+]4=CC=CC=C4
842,Mometasone,Inhibitor,C[C@@H]1C[C@H]2[C@@H]3CCC4=CC(=O)C=C[C@]4(C)[C@@]3(Cl)[C@@H](O)C[C@]2(C)[C@@]1(O)C(=O)CCl
843,Naloxone,Substrate,OC1=CC=C2C[C@H]3N(CC[C@@]45[C@@H](OC1=C24)C(=O)CC[C@@]35O)CC=C
844,Repaglinide,Substrate,CCOC1=C(C=CC(CC(=O)N[C@@H](CC(C)C)C2=C(C=CC=C2)N3CCCCC3)=C1)C(O)=O
845,Tazarotene,Substrate,CCOC(=O)C1=CC=C(N=C1)C#CC2=CC3=C(SCCC3(C)C)C=C2
846,Latanoprost,"Inhibitor,Substrate",CC(C)OC(=O)CCCC=CC[C@H]1[C@@H](O)C[C@@H](O)[C@@H]1CC[C@@H](O)CCC2=CC=CC=C2
847,Benazepril,Inhibitor,CCOC(=O)[C@H](CCC1=CC=CC=C1)N[C@H]2CCC3=CC=CC=C3N(CC(O)=O)C2=O
848,Cefotiam,Substrate,CN(C)CCN1N=NN=C1SCC2=C(N3[C@H](SC2)[C@H](NC(=O)CC4=CSC(N)=N4)C3=O)C(O)=O
849,Chlorothiazide,Substrate,NS(=O)(=O)C1=CC2=C(C=C1Cl)N=CNS2(=O)=O
850,Gatifloxacin,Inhibitor,COC1=C(N2CCN[C@@H](C)C2)C(F)=CC3=C1N(C=C(C(O)=O)C3=O)[C@H]4CC4
851,Phenolsulfonphthalein,Substrate,OC1=CC=C(C=C1)[C@@]2(OS(=O)(=O)C3=C2C=CC=C3)C4=CC=C(O)C=C4
852,Abacavir,Substrate,NC1=NC2=C(N=CN2[C@H]3C[C@@H](CO)C=C3)C(N[C@H]4CC4)=N1
853,Benfluorex,Inducer,C[C@@H](CC1=CC(=CC=C1)C(F)(F)F)NCCOC(=O)C2=CC=CC=C2
854,Canrenone,Inhibitor,C[C@]12CCC(=O)C=C1C=C[C@@H]3[C@@H]2CC[C@@]4(C)[C@H]3CC[C@@]45CCC(=O)O5
855,Cicletanine,Substrate,CC1=NC=C2[C@H](OCC2=C1O)C3=CC=C(Cl)C=C3
856,Cyproheptadin,Substrate,CN1CCC(CC1)=C2/C3=C(C=CC=C3)C=CC4=C2C=CC=C4
857,Dasatinib,Inhibitor,CC1=NC(NC2=NC=C(S2)C(=O)NC2=C(C)C=CC=C2Cl)=CC(=N1)N1CCN(CCO)CC1
858,Diflunisal,Substrate,OC(=O)C1=C(O)C=CC(=C1)C2=C(F)C=C(F)C=C2
859,Erlotinib,Inhibitor,COCCOC1=CC2=C(C=C1OCCOC)C(NC1=CC(=CC=C1)C#C)=NC=N2
860,Eslicarbazepine,Substrate,NC(=O)N1C2=C(C[C@H](O)C3=C1C=CC=C3)C=CC=C2
861,Febuxostat,Substrate,CC(C)COC1=C(C=C(C=C1)C1=NC(C)=C(S1)C(O)=O)C#N
862,Hymecromone,"Inhibitor,Inducer,Substrate",CC1=CC(=O)OC2=C1C=CC(O)=C2
863,Mitiglinide,Substrate,[H][C@@](CC(=O)N1C[C@@]2([H])CCCC[C@@]2([H])C1)(CC1=CC=CC=C1)C(O)=O
864,Nilotinib,Inhibitor,CC1=CN(C=N1)C1=CC(NC(=O)C2=CC=C(C)C(NC3=NC=CC(=N3)C3=CN=CC=C3)=C2)=CC(=C1)C(F)(F)F
865,Oleandomycin,Substrate,CO[C@@H]1C[C@@H](O[C@@H](C)[C@H]1O)O[C@H]2[C@H](C)[C@@H](O[C@H]3O[C@@H](C)C[C@H]([C@H]3O)N(C)C)[C@@H](C)C[C@]4(CO4)C(=O)[C@H](C)[C@@H](O)[C@@H](C)[C@@H](C)OC(=O)[C@@H]2C
866,Oxymetazoline,Substrate,CC1=CC(=C(O)C(C)=C1CC2=NCCN2)C(C)(C)C
867,Pirprofen,Substrate,C[C@H](C(O)=O)C1=CC(Cl)=C(C=C1)N2CC=CC2
868,Pitavastatin,"Inhibitor,Substrate",O[C@H](C[C@H](O)\C=C\C1=C(N=C2C=CC=CC2=C1C1=CC=C(F)C=C1)C1CC1)CC(O)=O
869,Posaconazole,Substrate,[H][C@@](C)(O)[C@]([H])(CC)N1N=CN(C1=O)C1=CC=C(C=C1)N1CCN(CC1)C1=CC=C(OC[C@]2([H])CO[C@](CN3C=NC=N3)(C2)C2=C(F)C=C(F)C=C2)C=C1
870,Raltegravir,Substrate,CN1C(=O)C(O)=C(N=C1C(C)(C)NC(=O)C1=NN=C(C)O1)C(=O)NCC1=CC=C(F)C=C1
871,Riluzole,Substrate,NC1=NC2=C(S1)C=C(OC(F)(F)F)C=C2
872,Sorafenib,Inhibitor,CNC(=O)C1=NC=CC(OC2=CC=C(NC(=O)NC3=CC(=C(Cl)C=C3)C(F)(F)F)C=C2)=C1
873,Tiadenol,Inducer,OCCSCCCCCCCCCCSCCO
874,Alprostadil,Substrate,CCCCC[C@H](O)C=C[C@@H]1[C@H](O)CC(=O)[C@@H]1CCCCCCC(O)=O
875,Gemcitabine,"Inducer,Substrate",NC1=NC(=O)N(C=C1)[C@@H]2O[C@H](CO)[C@@H](O)C2(F)F
876,Cladribine,Substrate,NC1=C2N=CN([C@H]3C[C@H](O)[C@@H](CO)O3)C2=NC(Cl)=N1
877,Glafenine,Inhibitor,OC[C@@H](O)COC(=O)C1=C(NC2=C3C=CC(Cl)=CC3=NC=C2)C=CC=C1
878,Nitrofurantoin,Substrate,[O-][N+](=O)C1=CC=C(O1)C=NN2CC(=O)NC2=O
879,Riboflavin (vit B2),Substrate,CC1=CC2=C(C=C1C)N(C[C@@H](O)[C@@H](O)[C@@H](O)CO)C3=NC(=O)NC(=O)C3=N2
880,Topotecan,"Substrate,Inducer",CC[C@@]1(O)C(=O)OCC2=C1C=C3N(CC4=C3N=C5C=CC(O)=C(CN(C)C)C5=C4)C2=O
881,Toremifene,Inhibitor,CN(C)CCOC1=CC=C(C=C1)C(=C(CCCl)C2=CC=CC=C2)C3=CC=CC=C3
882,Secretin,Inducer,CC(C)C[C@@H](NC(=O)CNC(=O)[C@H](CCC(N)=O)NC(=O)[C@H](CC(C)C)NC(=O)[C@H](CC(C)C)NC(=O)[C@H](CCCNC(N)=N)NC(=O)[C@H](CCC(N)=O)NC(=O)[C@H](CC(C)C)NC(=O)[C@H](CCCNC(N)=N)NC(=O)[C@H](C)NC(=O)[C@H](CO)NC(=O)[C@H](CC(O)=O)NC(=O)[C@H](CCCNC(N)=N)NC(=O)[C@H](CC(C)C)NC(=O)[C@H](CCCNC(N)=N)NC(=O)[C@H](CO)NC(=O)[C@H](CC(C)C)NC(=O)[C@H](CCC(O)=O)NC(=O)[C@H](CO)NC(=O)[C@H](NC(=O)[C@H](CC1=CC=CC=C1)NC(=O)[C@H](NC(=O)CNC(=O)[C@H](CC(O)=O)NC(=O)[C@H](CO)NC(=O)[C@@H](N)CC2=NC=CN2)[C@H](C)O)[C@H](C)O)C(=O)N[C@@H](C(C)C)C(O)=O
883,Ergocalciferol,Substrate,CC(C)[C@@H](C)C=C[C@@H](C)[C@H]1CC[C@H]2C(CCC[C@]12C)=CC=C3C[C@@H](O)CCC3=C
884,Masoprocol,Inhibitor,C[C@H](CC1=CC=C(O)C(O)=C1)[C@@H](C)CC2=CC(O)=C(O)C=C2
885,Fingolimod,Substrate,CCCCCCCCC1=CC=C(CCC(N)(CO)CO)C=C1
886,Albendazole,"Substrate,Inhibitor,Inducer",CCCSC1=CC2=C(NC(NC(=O)OC)=N2)C=C1
887,Alitretinoin,Inhibitor,CC1=C(C=CC(C)=C/C=C/C(C)=C/C(O)=O)C(C)(C)CCC1
888,Anagrelide,Substrate,ClC1=CC=C2N=C3NC(=O)CN3CC2=C1Cl
889,Atropine,Inhibitor,CN1[C@@H]2CC[C@H]1C[C@H](C2)OC(=O)[C@@H](CO)C3=CC=CC=C3
890,Benoxaprofen,Inducer,C[C@H](C(O)=O)C1=CC2=C(OC(=N2)C3=CC=C(Cl)C=C3)C=C1
891,Clenbuterol,Substrate,CC(C)(C)NC[C@H](O)C1=CC(Cl)=C(N)C(Cl)=C1
892,Clobetasol,Inhibitor,C[C@@H]1C[C@H]2[C@H]3CCC4=CC(=O)C=C[C@@]4(C)[C@@]3(F)[C@@H](O)C[C@]2(C)[C@@]1(O)C(=O)CCl
893,Cypermethrin,Substrate,CC1(C)[C@H](C=C(Cl)Cl)[C@H]1C(=O)O[C@H](C#N)C2=CC(OC3=CC=CC=C3)=CC=C2
894,Decamethrin,Substrate,CC1(C)[C@@H](C=C(/Br)Br)[C@H]1C(=O)O[C@H](C#N)C2=CC(OC3=CC=CC=C3)=CC=C2
895,Enoxacin,Inhibitor,CCN1C=C(C(O)=O)C(=O)C2=C1N=C(N3CCNCC3)C(F)=C2
896,Ergotamine,Substrate,CN1C[C@@H](C=C2[C@H]1CC3=CNC4=C3C2=CC=C4)C(=O)N[C@]5(C)O[C@@]6(O)[C@@H]7CCCN7C(=O)[C@H](CC8=CC=CC=C8)N6C5=O
897,Fenbendazole,Inducer,COC(=O)NC1=NC2=C(N1)C=CC(SC3=CC=CC=C3)=C2
898,Frovatriptan,Substrate,CN[C@H]1CCC2=C(C1)C3=C(N2)C=CC(=C3)C(N)=O
899,Guajazulen,Substrate,CC(C)C1=CC2=C(C)C=CC2=C(C)C=C1
900,Idebenone,Substrate,COC1=C(OC)C(=O)C(CCCCCCCCCCO)=C(C)C1=O
901,Imipramine Oxide,Substrate,C[N+](C)([O-])CCCN1C2=C(CCC3=C1C=CC=C3)C=CC=C2
902,Imiquimod,Substrate,CC(C)CN1C=NC2=C(N)N=C3C=CC=CC3=C12
903,Levobupivacaine,Substrate,CCCCN1CCCC[C@H]1C(=O)NC2=C(C)C=CC=C2C
904,Levofloxacin,Inhibitor,C[C@H]1COC2=C3N1C=C(C(O)=O)C(=O)C3=CC(F)=C2N4CCN(C)CC4
905,Lomefloxacin,"Substrate,Inhibitor",CCN1C=C(C(O)=O)C(=O)C2=CC(F)=C(N3CCN[C@H](C)C3)C(F)=C12
906,Meclozin,Inhibitor,CC1=CC(CN2CCN(CC2)[C@@H](C3=CC=CC=C3)C4=CC=C(Cl)C=C4)=CC=C1
907,Mitomycin,Inducer,CO[C@@]12[C@H](COC(N)=O)C3=C(N1C[C@@H]4N[C@H]24)C(=O)C(C)=C(N)C3=O
908,Moracizine,Inhibitor,CCOC(=O)NC1=CC2=C(SC3=C(C=CC=C3)N2C(=O)CCN4CCOCC4)C=C1
909,Niclosamide,Inhibitor,OC1=C(C=C(Cl)C=C1)C(=O)NC2=C(Cl)C=C(C=C2)[N+]([O-])=O
910,Nitrazepam,Inducer,[O-][N+](=O)C1=CC2=C(NC(=O)CN=C2C3=CC=CC=C3)C=C1
911,Ofloxacin,Inhibitor,C[C@H]1COC2=C3N1C=C(C(O)=O)C(=O)C3=CC(F)=C2N4CCN(C)CC4
912,Pefloxacin,Inhibitor,CCN1C=C(C(O)=O)C(=O)C2=C1C=C(N3CCN(C)CC3)C(F)=C2
913,Phenylpropanolamine,Inhibitor,C[C@@H](N)[C@@H](O)C1=CC=CC=C1
914,Pirfenidone,Substrate,CC1=CN(C(=O)C=C1)C1=CC=CC=C1
915,Prednisone,Inducer,C[C@]12CC(=O)[C@H]3[C@@H](CCC4=CC(=O)C=C[C@]34C)[C@@H]1CC[C@]2(O)C(=O)CO
916,Pyrazinamide,Substrate,NC(=O)C1=CN=CC=N1
917,Rasagiline,Substrate,C#CCNC1CCC2=CC=CC=C12
918,Rifabutin,Substrate,CO[C@H]1C=CO[C@@]2(C)OC3=C(C)C(O)=C4C(=O)C(NC(=O)C(C)=CC=C[C@H](C)[C@H](O)[C@@H](C)[C@@H](O)[C@@H](C)[C@H](OC(C)=O)[C@@H]1C)=C5N[C@]6(CCN(CC6)CC(C)C)N=C5C4=C3C2=O
919,Sorbitol,Inhibitor,OC[C@@H](O)[C@@H](O)[C@H](O)[C@@H](O)CO
920,Temafloxacin,"Substrate,Inhibitor",C[C@@H]1CN(CCN1)C2=CC3=C(C=C2F)C(=O)C(=CN3C4=C(F)C=C(F)C=C4)C(O)=O
921,Tiabendazole,"Inhibitor,Substrate",N1C2=C(C=CC=C2)N=C1C3=CSC=N3
922,Tizanidine,Substrate,ClC1=C(NC2=NCCN2)C3=NSN=C3C=C1
923,Tocainide,Inhibitor,C[C@H](N)C(=O)NC1=C(C)C=CC=C1C
924,Treosulfan,Inhibitor,CS(=O)(=O)OC[C@H](O)[C@H](O)COS(C)(=O)=O
925,Triamterene,"Inhibitor,Substrate",NC1=NC2=C(N=C(C3=CC=CC=C3)C(N)=N2)C(N)=N1
926,Trifluoperazine,Substrate,CN1CCN(CCCN2C3=C(SC4=C2C=C(C=C4)C(F)(F)F)C=CC=C3)CC1
927,Zolmitriptan,Substrate,CN(C)CCC1=CNC2=C1C=C(C[C@H]3COC(=O)N3)C=C2
928,Metaraminol,Substrate,C[C@H](N)[C@H](O)C1=CC(O)=CC=C1
929,Methylphenidate,Substrate,COC(=O)[C@@H]([C@H]1CCCCN1)C2=CC=CC=C2
930,Sibutramine,Inhibitor,CC(C)C[C@@H](N(C)C)[C@]1(CCC1)C2=CC=C(Cl)C=C2
931,Acetylcysteine,Inducer,CC(=O)N[C@H](CS)C(O)=O
932,Cytarabine,"Inducer,Inhibitor",NC1=NC(=O)N(C=C1)[C@@H]2O[C@H](CO)[C@@H](O)[C@@H]2O
933,Dicloxacillin,Substrate,CC1=C(C(=O)N[C@H]2[C@H]3SC(C)(C)[C@@H](N3C2=O)C(O)=O)C(=NO1)C4=C(Cl)C=CC=C4Cl
934,Fenbufen,Inducer,OC(=O)CCC(=O)C1=CC=C(C=C1)C2=CC=CC=C2
935,Flucloxacillin,Inducer,CC1=C(C(=O)N[C@H]2[C@H]3SC(C)(C)[C@@H](N3C2=O)C(O)=O)C(=NO1)C4=C(Cl)C=CC=C4F
936,Rescinnamine,Inducer,CO[C@H]1[C@@H](C[C@@H]2CN3CCC4=C(NC5=C4C=CC(OC)=C5)[C@H]3C[C@@H]2[C@@H]1C(=O)OC)OC(=O)C=CC6=CC(OC)=C(OC)C(OC)=C6
937,Retinol,Inhibitor,CC(=C/CO)C=CC=C(C)C=CC1=C(C)CCCC1(C)C
938,Alum,"Substrate,Inducer",[O-]S([O-])(=O)=O
939,Dantrolene,Inhibitor,[O-][N+](=O)C1=CC=C(C=C1)C2=CC=C(O2)C=NN3CC(=O)NC3=O
940,Deferoxamine,Inhibitor,CC(=O)N(O)CCCCCNC(=O)CCC(=O)N(O)CCCCCNC(=O)CCC(=O)N(O)CCCCCN
941,Ergometrine,Inhibitor,C[C@@H](CO)NC(=O)[C@H]1CN(C)[C@@H]2CC3=CNC4=CC=CC(C2=C1)=C34
942,Mebendazole,Inducer,COC(=O)NC1=NC2=C(N1)C=CC(=C2)C(=O)C3=CC=CC=C3
943,Mecamylamine,Inducer,CN[C@@]1(C)[C@H]2CC[C@H](C2)C1(C)C
944,Quassia,Inhibitor,COC1=C[C@@H](C)[C@@H]2C[C@@H]3OC(=O)C[C@H]4C(C)=C(OC)C(=O)[C@@H]([C@]34C)[C@@]2(C)C1=O
945,Retigabine,Substrate,CCOC(=O)NC1=C(N)C=C(NCC2=CC=C(F)C=C2)C=C1
946,Cycloserine,Substrate,N[C@@H]1CONC1=O
947,Oxitriptan,Inhibitor,N[C@@H](CC1=CNC2=C1C=C(O)C=C2)C(O)=O
948,Vigabatrin,Substrate,N[C@@H](CCC(O)=O)C=C
949,Acetazolamide,Inhibitor,CC(=O)NC1=NN=C(S1)S(N)(=O)=O
950,Alfuzosin,Substrate,COC1=C(OC)C=C2C(N)=NC(=NC2=C1)N(C)CCCNC(=O)[C@H]3CCCO3
951,Allylestrenol,Substrate,C[C@@]12CC[C@@H]3[C@H](CCC4=CCCC[C@@H]34)[C@@H]1CC[C@@]2(O)CC=C
952,Ambroxol,"Inhibitor,Substrate",NC1=C(CN[C@H]2CC[C@H](O)CC2)C=C(Br)C=C1Br
953,Atenolol,Substrate,CC(C)NC[C@@H](O)COC1=CC=C(CC(N)=O)C=C1
954,Azatadine,Inducer,CN1CCC(CC1)=C2/C3=C(CCC4=C2N=CC=C4)C=CC=C3
955,Brinzolamide,Substrate,CCN[C@H]1CN(CCCOC)S(=O)(=O)C2=C1C=C(S2)S(N)(=O)=O
956,Bromperidol,Substrate,O[C@]1(CCN(CCCC(=O)C2=CC=C(F)C=C2)CC1)C3=CC=C(Br)C=C3
957,Brotizolam,Substrate,CC1=NN=C2CN=C(C3=C(Cl)C=CC=C3)C4=C(SC(Br)=C4)N12
958,Carboplatin,Inducer,N.N.O=C1O[Pt]OC(=O)C12CCC2
959,Caspofungin,Inhibitor,CC[C@H](C)C[C@H](C)CCCCCCCCC(=O)N[C@H]1C[C@@H](O)[C@H](NCCN)NC(=O)[C@@H]2[C@@H](O)CCN2C(=O)[C@@H](NC(=O)[C@@H](NC(=O)[C@@H]3C[C@@H](O)CN3C(=O)[C@@H](NC1=O)[C@@H](C)O)[C@H](O)[C@@H](O)C4=CC=C(O)C=C4)[C@H](O)CCN
960,Cetirizine,Substrate,OC(=O)COCCN1CCN(CC1)[C@H](C2=CC=CC=C2)C3=CC=C(Cl)C=C3
961,Chlorprothixene,Substrate,CN(C)CCC=C1/C2=C(SC3=C1C=C(Cl)C=C3)C=CC=C2
962,Ciclesonide,Substrate,CC(C)C(=O)OCC(=O)[C@@]12O[C@@H](O[C@@H]1C[C@@H]3[C@H]4CCC5=CC(=O)C=C[C@]5(C)[C@@H]4[C@@H](O)C[C@@]23C)[C@H]6CCCCC6
963,Cilnidipine,Substrate,COCCOC(=O)C1=C(C)NC(C)=C([C@H]1C2=CC(=CC=C2)[N+]([O-])=O)C(=O)OCC=CC3=CC=CC=C3
964,Clindamycin,"Inhibitor,Substrate",CCC[C@@H]1C[C@H](N(C)C1)C(=O)N[C@H]([C@H](C)Cl)[C@H]2O[C@H](SC)[C@H](O)[C@@H](O)[C@H]2O
965,Clofazimine,"Inhibitor,Substrate",CC(C)N=C1/C=C2N(C3=CC=C(Cl)C=C3)C4=C(C=CC=C4)N=C2C=C1NC5=CC=C(Cl)C=C5
966,Dihydroergotamine,"Inhibitor,Substrate",[H][C@@]12CCCN1C(=O)[C@H](CC1=CC=CC=C1)N1C(=O)[C@](C)(NC(=O)[C@H]3CN(C)[C@]4([H])CC5=CNC6=CC=CC(=C56)[C@@]4([H])C3)O[C@@]21O
967,Dihydrostreptomycin,Substrate,CN[C@H]1[C@H](O)[C@@H](O)[C@H](CO)O[C@H]1O[C@H]2[C@@H](O[C@@H](C)[C@]2(O)CO)O[C@@H]3[C@H](O)[C@@H](O)[C@H](NC(N)=N)[C@@H](O)[C@@H]3NC(N)=N
968,Dimetotiazine,Inhibitor,C[C@@H](CN1C2=C(SC3=CC=C(C=C13)S(=O)(=O)N(C)C)C=CC=C2)N(C)C
969,Dirithromycin,Substrate,CC[C@H]1OC(=O)[C@H](C)[C@@H](O[C@H]2C[C@@](C)(OC)[C@@H](O)[C@H](C)O2)[C@H](C)[C@@H](O[C@@H]3O[C@H](C)C[C@@H]([C@H]3O)N(C)C)[C@](C)(O)C[C@@H](C)[C@@H]4N[C@@H](COCCOC)O[C@H]([C@H]4C)[C@]1(C)O
970,Disopyramide,Substrate,CC(C)N(CC[C@](C(N)=O)(C1=CC=CC=C1)C2=CC=CC=N2)C(C)C
971,Dofetilide,Substrate,CN(CCOC1=CC=C(NS(C)(=O)=O)C=C1)CCC2=CC=C(NS(C)(=O)=O)C=C2
972,Estazolam,Substrate,ClC1=CC2=C(C=C1)N3C=NN=C3CN=C2C4=CC=CC=C4
973,Estramustine,Substrate,C[C@@]12CC[C@@H]3[C@H](CCC4=C3C=CC(OC(=O)N(CCCl)CCCl)=C4)[C@@H]1CC[C@@H]2O
974,Etonogestrel,Substrate,CC[C@@]12CC(=C)[C@H]3[C@H](CCC4=CC(=O)CC[C@@H]34)[C@@H]1CC[C@@]2(O)C#C
975,Etoperidone,Substrate,CCN1C(=O)N(CCCN2CCN(CC2)C3=CC(Cl)=CC=C3)N=C1CC
976,Everolimus,Substrate,CO[C@@H]1C[C@@H](CC[C@H]1OCCO)C[C@@H](C)[C@@H]2CC(=O)[C@H](C)C=C(C)[C@@H](O)[C@@H](OC)C(=O)[C@H](C)C[C@H](C)C=CC=CC=C(C)[C@H](C[C@@H]3CC[C@@H](C)[C@@](O)(O3)C(=O)C(=O)N4CCCC[C@H]4C(=O)O2)OC
977,Famciclovir,Substrate,CC(=O)OCC(CCN1C=NC2=CN=C(N)N=C12)COC(C)=O
978,Flosequinan,Substrate,COSC1=CN(C)C2=C(C=CC(F)=C2)C1=O
979,Flurithromycin,Inhibitor,CC[C@H]1OC(=O)[C@H](C)[C@@H](O[C@H]2C[C@@](C)(OC)[C@@H](O)[C@H](C)O2)[C@H](C)[C@@H](O[C@@H]3O[C@H](C)C[C@@H]([C@H]3O)N(C)C)[C@](C)(O)C[C@](C)(F)C(=O)[C@H](C)[C@@H](O)[C@]1(C)O
980,Fluticasone,Substrate,CCC(=O)O[C@@]1([C@H](C)C[C@H]2[C@@H]3C[C@H](F)C4=CC(=O)C=C[C@]4(C)[C@@]3(F)[C@@H](O)C[C@]12C)C(=O)SCF
981,Fulvestrant,Substrate,C[C@]12CC[C@H]3[C@@H]([C@H](CCCCCCCCCS(=O)CCCC(F)(F)C(F)(F)F)CC4=CC(O)=CC=C34)[C@@H]1CC[C@@H]2O
982,Gallopamil,Substrate,COC1=C(OC)C=C(CCN(C)CCC[C@@](C#N)(C(C)C)C2=CC(OC)=C(OC)C(OC)=C2)C=C1
983,Guanethidine,Inducer,NC(=N)NCCN1CCCCCCC1
984,Hydrocortisone Aceponate,Substrate,[H][C@@]12CC[C@](OC(=O)CC)(C(=O)COC(C)=O)[C@@]1(C)C[C@H](O)[C@@]1([H])[C@@]2([H])CCC2=CC(=O)CC[C@]12C
985,Hydroquinone,Substrate,OC1=CC=C(O)C=C1
986,Isosorbide Mononitrate,Substrate,O[C@H]1CO[C@@H]2[C@@H](CO[C@H]12)O[N+]([O-])=O
987,Isotretinoin,Substrate,CC1=C(C=CC(C)=CC=CC(C)=C/C(O)=O)C(C)(C)CCC1
988,Isradipine,"Substrate,Inhibitor",COC(=O)C1=C(C)NC(C)=C([C@H]1C2=CC=CC3=NON=C23)C(=O)OC(C)C
989,Ivabradine,Substrate,COC1=C(OC)C=C2[C@@H](CN(C)CCCN3CCC4=CC(OC)=C(OC)C=C4CC3=O)CC2=C1
990,Josamycin,Inhibitor,CO[C@H]1[C@@H](CC(=O)O[C@H](C)CC=CC=C[C@H](O)[C@H](C)C[C@H](CC=O)[C@@H]1O[C@@H]2O[C@H](C)[C@@H](O[C@H]3C[C@@](C)(O)[C@@H](OC(=O)CC(C)C)[C@H](C)O3)[C@@H]([C@H]2O)N(C)C)OC(C)=O
991,Lacidipine,Substrate,CCOC(=O)C1=C(C)NC(C)=C([C@@H]1C2=C(C=CC=C2)C=CC(=O)OC(C)(C)C)C(=O)OCC
992,Levothyroxine Sodium,Substrate,N[C@@H](CC1=CC(I)=C(OC2=CC(I)=C(O)C(I)=C2)C(I)=C1)C(O)=O
993,Medrogestone,Substrate,CC(=O)[C@@]1(C)CC[C@H]2[C@H]3C=C(C)C4=CC(=O)CC[C@@]4(C)[C@@H]3CC[C@@]12C
994,Metandienone,Substrate,C[C@]1(O)CC[C@H]2[C@@H]3CCC4=CC(=O)C=C[C@]4(C)[C@H]3CC[C@]12C
995,Methaqualone,Substrate,CC1=C(C=CC=C1)N2C(C)=NC3=C(C=CC=C3)C2=O
996,Methylergometrine,Substrate,CC[C@@H](CO)NC(=O)[C@H]1CN(C)[C@@H]2CC3=CNC4=CC=CC(C2=C1)=C34
997,Methylprednisolone,"Substrate,Inhibitor",C[C@H]1C[C@H]2[C@@H]3CC[C@](O)(C(=O)CO)[C@@]3(C)C[C@H](O)[C@@H]2[C@@]4(C)C=CC(=O)C=C14
998,Methylprednisolone Aceponate,Inducer,CCC(=O)O[C@@]1(CC[C@H]2[C@@H]3C[C@H](C)C4=CC(=O)C=C[C@]4(C)[C@H]3[C@@H](O)C[C@]12C)C(=O)COC(C)=O
999,Miocamycin,"Inhibitor,Substrate",CCC(=O)O[C@@H]1CC(=O)O[C@H](C)CC=CC=C[C@H](OC(C)=O)[C@H](C)C[C@H](CC=O)[C@H](O[C@@H]2O[C@H](C)[C@@H](O[C@H]3C[C@@](C)(OC(C)=O)[C@@H](OC(=O)CC)[C@H](C)O3)[C@@H]([C@H]2O)N(C)C)[C@H]1OC
1000,Olopatadine,Substrate,CN(C)CCC=C1C2=C(COC3=C1C=C(CC(O)=O)C=C3)C=CC=C2
1001,Oxiconazole,Inducer,ClC1=CC(Cl)=C(CON=C(/CN2C=CN=C2)C3=C(Cl)C=C(Cl)C=C3)C=C1
1002,Oxomemazine,Inducer,C[C@H](CN(C)C)CN1C2=C(C=CC=C2)S(=O)(=O)C3=C1C=CC=C3
1003,Pazopanib,Inhibitor,CN(C1=CC2=NN(C)C(C)=C2C=C1)C1=CC=NC(NC2=CC=C(C)C(=C2)S(N)(=O)=O)=N1
1004,Phenoxybenzamine,Substrate,C[C@H](COC1=CC=CC=C1)N(CCCl)CC2=CC=CC=C2
1005,Phenoxymethylpenicillin,Inducer,CC1(C)S[C@@H]2[C@H](NC(=O)COC3=CC=CC=C3)C(=O)N2[C@H]1C(O)=O
1006,Pimecrolimus,Substrate,[H][C@]1(CC[C@H](Cl)[C@@H](C1)OC)\C=C(/C)[C@@]1([H])OC(=O)[C@]2([H])CCCCN2C(=O)C(=O)[C@]2(O)O[C@@]([H])([C@H](C[C@H]2C)OC)[C@H](C[C@@H](C)C\C(C)=C\[C@@H](CC)C(=O)C[C@H](O)[C@H]1C)OC
1007,Pinacidil,Substrate,C[C@@H](NC(NC#N)=NC1=CC=NC=C1)C(C)(C)C
1008,Prazepam,Substrate,ClC1=CC2=C(C=C1)N(C[C@H]3CC3)C(=O)CN=C2C4=CC=CC=C4
1009,Propiverine,Inhibitor,CCCCC(C(=O)O[C@H]1CCN(C)CC1)(C2=CC=CC=C2)C3=CC=CC=C3
1010,Pyridostigmine,Inducer,CN(C)C(=O)OC1=C[N+](C)=CC=C1
1011,Quinupristin/dalfopristin,Inhibitor,CC[C@H]1NC(=O)[C@@H](NC(=O)C2=NC=CC=C2O)[C@@H](C)OC(=O)[C@@H](NC(=O)[C@H]3CC(=O)[C@H](CS[C@@H]4CN5CC[C@@H]4CC5)CN3C(=O)[C@H](CC6=CC=C(C=C6)N(C)C)N(C)C(=O)[C@@H]7CCCN7C1=O)C8=CC=CC=C8
1012,Rifaximin,Inducer,CO[C@H]1C=CO[C@@]2(C)OC3=C(C2=O)C4=C(C(O)=C3C)C(O)=C(NC(=O)C(C)=CC=C[C@H](C)[C@H](O)[C@@H](C)[C@@H](O)[C@@H](C)[C@H](OC(C)=O)[C@@H]1C)C5=C4N=C6C=C(C)C=CN56
1013,Rokitamycin,"Inhibitor,Substrate",CCCC(=O)O[C@H]1[C@H](C)O[C@H](C[C@@]1(C)OC(=O)CC)O[C@@H]2[C@@H](C)O[C@@H](O[C@H]3[C@@H](CC=O)C[C@@H](C)[C@@H](O)C=CC=CC[C@@H](C)OC(=O)C[C@@H](O)[C@@H]3OC)[C@H](O)[C@H]2N(C)C
1014,Roquinimex,Substrate,CN(C1=CC=CC=C1)C(=O)C2=C(O)C3=C(C=CC=C3)N(C)C2=O
1015,Rufinamide,Inducer,NC(=O)C1=CN(CC2=C(F)C=CC=C2F)N=N1
1016,Rupatadine,Substrate,CC1=CC(CN2CCC(CC2)=C3/C4=C(CCC5=C3N=CC=C5)C=C(Cl)C=C4)=CN=C1
1017,Salbutamol,"Inhibitor,Substrate",CC(C)(C)NC[C@@H](O)C1=CC=C(O)C(CO)=C1
1018,Saxagliptin,Substrate,N[C@H](C(=O)N1[C@H]2C[C@H]2C[C@H]1C#N)C12CC3CC(CC(O)(C3)C1)C2
1019,Sodium Edetate,Substrate,[O-]C(=O)CN(CCN(CC([O-])=O)CC([O-])=O)CC([O-])=O
1020,Spiramycin,Substrate,CO[C@H]1[C@H](O)CC(=O)O[C@H](C)CC=CC=C[C@H](O[C@H]2CC[C@@H]([C@@H](C)O2)N(C)C)[C@H](C)C[C@H](CC=O)[C@@H]1O[C@@H]3O[C@H](C)[C@@H](O[C@H]4C[C@@](C)(O)[C@@H](O)[C@H](C)O4)[C@@H]([C@H]3O)N(C)C
1021,Sufentanil,Substrate,CCC(=O)N(C1=CC=CC=C1)[C@]2(CCN(CCC3=CC=CS3)CC2)COC
1022,Tasosartan,Substrate,CC1=NC2=C(CCC(=O)N2CC3=CC=C(C=C3)C4=C(C=CC=C4)C5=NN=NN5)C(C)=N1
1023,Tetramethrin,Inducer,CC(C)=C/[C@@H]1[C@@H](C(=O)OCN2C(=O)C3=C(CCCC3)C2=O)C1(C)C
1024,Tiagabine,Substrate,CC1=C(SC=C1)C(=CCCN2CCC[C@H](C2)C(O)=O)C3=C(C)C=CS3
1025,Tirilazad,Substrate,C[C@@H]1C[C@H]2[C@@H]3CCC4=CC(=O)C=C[C@]4(C)C3=CC[C@]2(C)[C@H]1C(=O)CN5CCN(CC5)C6=CC(=NC(=N6)N7CCCC7)N8CCCC8
1026,Tofisopam,Inhibitor,CC[C@@H]1C(C)=NN=C(C2=CC(OC)=C(OC)C=C2)C3=C1C=C(OC)C(OC)=C3
1027,Vindesine,Substrate,CC[C@]1(O)C[C@H]2CN(CCC3=C(NC4=C3C=CC=C4)[C@@](C2)(C(=O)OC)C5=CC6=C(C=C5OC)N(C)[C@H]7[C@](O)([C@H](O)[C@]8(CC)C=CCN9CC[C@]67[C@H]89)C(N)=O)C1
1028,Zomepirac,Substrate,CN1C(CC(O)=O)=CC(C)=C1C(=O)C2=CC=C(Cl)C=C2
1029,Celiprolol,Substrate,CCN(CC)C(=O)NC1=CC(C(C)=O)=C(OC[C@@H](O)CNC(C)(C)C)C=C1
1030,Unoproston,Substrate,CCCCCCCC(=O)CC[C@H]1[C@H](O)C[C@H](O)[C@@H]1CC=C/CCCC(O)=O
