,drug_name,drug_type,Smiles
0,Acetylsalicylic Acid,Inducer,CC(=O)OC1=C(C=CC=C1)C(O)=O
1,Adinazolam,Substrate,CN(C)CC1=NN=C2CN=C(C3=CC=CC=C3)C4=C(C=CC(Cl)=C4)N12
2,Aminogluthetimide,Inducer,CC[C@]1(CCC(=O)NC1=O)C2=CC=C(N)C=C2
3,Aminophenazone,Inhibitor,CN(C)C1=C(C)N(C)N(C2=CC=CC=C2)C1=O
4,Aminophenazone,Substrate,CN(C)C1=C(C)N(C)N(C2=CC=CC=C2)C1=O
5,Amiodarone,Substrate,CCCCC1=C(C(=O)C2=CC(I)=C(OCCN(CC)CC)C(I)=C2)C3=CC=CC=C3O1
6,Amitriptyline,Inhibitor,CN(C)CCC=C1/C2=C(CCC3=C1C=CC=C3)C=CC=C2
7,Amitriptyline,Substrate,CN(C)CCC=C1/C2=C(CCC3=C1C=CC=C3)C=CC=C2
8,Amoxicillin,Substrate,CC1(C)S[C@@H]2[C@H](NC(=O)[C@H](N)C3=CC=C(O)C=C3)C(=O)N2[C@H]1C(O)=O
9,Amprenavir,Inhibitor,CC(C)CN(C[C@@H](O)[C@H](CC1=CC=CC=C1)NC(=O)O[C@H]2CCOC2)S(=O)(=O)C3=CC=C(N)C=C3
10,Aprepitant,Inhibitor,C[C@@H](O[C@@H]1OCCN(CC2=NC(=O)NN2)[C@@H]1C3=CC=C(F)C=C3)C4=CC(=CC(=C4)C(F)(F)F)C(F)(F)F
11,Aprepitant,Substrate,C[C@@H](O[C@@H]1OCCN(CC2=NC(=O)NN2)[C@@H]1C3=CC=C(F)C=C3)C4=CC(=CC(=C4)C(F)(F)F)C(F)(F)F
12,Artemether,Substrate,CO[C@@H]1O[C@@H]2O[C@@]3(C)CC[C@H]4[C@H](C)CC[C@@H]([C@H]1C)[C@@]24OO3
13,Artemisinin,Inducer,C[C@@H]1CC[C@H]2[C@@H](C)C(=O)O[C@@H]3O[C@@]4(C)CC[C@@H]1[C@@]23OO4
14,Atomoxetine,Substrate,CNCC[C@@H](OC1=CC=CC=C1C)C2=CC=CC=C2
15,Azelastine,Substrate,CN1CCC[C@@H](CC1)N2N=C(CC3=CC=C(Cl)C=C3)C4=CC=CC=C4C2=O
16,Azelastine,Inhibitor,CN1CCC[C@@H](CC1)N2N=C(CC3=CC=C(Cl)C=C3)C4=CC=CC=C4C2=O
17,Barnidipine,Inhibitor,COC(=O)C1=C(C)NC(C)=C([C@@H]1C2=CC(=CC=C2)[N+]([O-])=O)C(=O)O[C@H]3CCN(C3)CC4=CC=CC=C4
18,Benidipine,Inhibitor,COC(=O)C1=C(C)NC(C)=C([C@H]1C2=CC(=CC=C2)[N+]([O-])=O)C(=O)O[C@@H]3CCCN(C3)CC4=CC=CC=C4
19,Benzatropine,Substrate,CN1C2CCC1CC(C2)OC(C3=CC=CC=C3)C4=CC=CC=C4
20,Benzethonium,Substrate,CC(C)(C)CC(C)(C)C1=CC=C(OCCOCC[N+](C)(C)CC2=CC=CC=C2)C=C1
21,Benzydamine,Substrate,CN(C)CCCOC1=NN(CC2=CC=CC=C2)C3=C1C=CC=C3
22,Bicalutamide,Inhibitor,C[C@](O)(CS(=O)(=O)C1=CC=C(F)C=C1)C(=O)NC2=CC(=C(C=C2)C#N)C(F)(F)F
23,Bifonazole,Inhibitor,C1=CC=C(C=C1)[C@H](N2C=CN=C2)C3=CC=C(C=C3)C4=CC=CC=C4
24,Bortezomib,Inhibitor,CC(C)C[C@H](NC(=O)[C@@H](CC1=CC=CC=C1)NC(=O)C2=CN=CC=N2)B(O)O
25,Bortezomib,Substrate,CC(C)C[C@H](NC(=O)[C@@H](CC1=CC=CC=C1)NC(=O)C2=CN=CC=N2)B(O)O
26,Bromazepam,Substrate,BrC1=CC2=C(NC(=O)CN=C2C3=CC=CC=N3)C=C1
27,Brompheniramine,Substrate,CN(C)CC[C@@H](C1=CC=C(Br)C=C1)C2=CC=CC=N2
28,Buflomedil,Substrate,COC1=CC(OC)=C(C(=O)CCCN2CCCC2)C(OC)=C1
29,Bupivacaine,Substrate,CCCCN1CCCC[C@H]1C(=O)NC2=C(C)C=CC=C2C
30,Buprenorphine,Inhibitor,CO[C@@]12CC[C@]3(C[C@H]1[C@](C)(O)C(C)(C)C)[C@@H]4CC5=CC=C(O)C6=C5[C@]3(CCN4C[C@@H]7CC7)[C@@H]2O6
31,Capsaicin,Substrate,COC1=C(O)C=CC(CNC(=O)CCCCC=CC(C)C)=C1
32,Carbamazepine,Inducer,NC(=O)N1C2=C(C=CC=C2)C=CC3=C1C=CC=C3
33,Carbamazepine,Inhibitor,NC(=O)N1C2=C(C=CC=C2)C=CC3=C1C=CC=C3
34,Carbinoxamine,Substrate,CN(C)CCO[C@@H](C1=CC=C(Cl)C=C1)C2=NC=CC=C2
35,Carisoprodol,Substrate,CCC[C@@](C)(COC(N)=O)COC(=O)NC(C)C
36,Chinin,Inhibitor,COC1=CC2=C(C=CN=C2C=C1)[C@@H](O)[C@@H]3C[C@@H]4CCN3C[C@@H]4C=C
37,Chinin,Substrate,COC1=CC2=C(C=CN=C2C=C1)[C@@H](O)[C@@H]3C[C@@H]4CCN3C[C@@H]4C=C
38,Chloramphenicol,Inhibitor,OC[C@@H](NC(=O)C(Cl)Cl)[C@H](O)C1=CC=C(C=C1)[N+]([O-])=O
39,Chloramphenicol,Substrate,OC[C@@H](NC(=O)C(Cl)Cl)[C@H](O)C1=CC=C(C=C1)[N+]([O-])=O
40,Chlormadinone,Inhibitor,CC(=O)[C@@]1(O)CC[C@H]2[C@@H]3C=C(Cl)C4=CC(=O)CC[C@]4(C)[C@H]3CC[C@]12C
41,Chloroform,Substrate,ClC(Cl)Cl
42,Chlorpropamide,Substrate,CCCNC(=O)NS(=O)(=O)C1=CC=C(Cl)C=C1
43,Ciclosporin,Inhibitor,CC[C@@H]1NC(=O)[C@H]([C@H](O)[C@H](C)CC=CC)N(C)C(=O)[C@H](C(C)C)N(C)C(=O)[C@H](CC(C)C)N(C)C(=O)[C@H](CC(C)C)N(C)C(=O)[C@H](C)NC(=O)[C@H](C)NC(=O)[C@H](CC(C)C)N(C)C(=O)[C@@H](NC(=O)[C@@H](CC(C)C)NC(=O)CN(C)C1=O)C(C)C
44,Cilostazol,Substrate,O=C1CCC2=C(N1)C=CC(OCCCCC1=NN=NN1C1CCCCC1)=C2
45,Cimetidine,Inhibitor,CNC(NCCSCC1=C(C)NC=N1)=N/C#N
46,Cisapride,Substrate,CO[C@@H]1CN(CCCOC2=CC=C(F)C=C2)CC[C@H]1NC(=O)C3=C(OC)C=C(N)C(Cl)=C3
47,Citalopram,Inhibitor,CN(C)CCC[C@@]1(OCC2=C1C=CC(=C2)C#N)C3=CC=C(F)C=C3
48,Citalopram,Substrate,CN(C)CCC[C@@]1(OCC2=C1C=CC(=C2)C#N)C3=CC=C(F)C=C3
49,Clarithromycin,Inhibitor,CC[C@H]1OC(=O)[C@H](C)[C@@H](O[C@@H]2C[C@](C)(OC)[C@@H](O)[C@H](C)O2)[C@H](C)[C@@H](O[C@@H]3O[C@H](C)C[C@@H]([C@H]3O)N(C)C)[C@@](C)(C[C@@H](C)C(=O)[C@H](C)[C@@H](O)[C@]1(C)O)OC
50,Clarithromycin,Substrate,CC[C@H]1OC(=O)[C@H](C)[C@@H](O[C@@H]2C[C@](C)(OC)[C@@H](O)[C@H](C)O2)[C@H](C)[C@@H](O[C@@H]3O[C@H](C)C[C@@H]([C@H]3O)N(C)C)[C@@](C)(C[C@@H](C)C(=O)[C@H](C)[C@@H](O)[C@]1(C)O)OC
51,Clobazam,Substrate,CN1C(=O)CC(=O)N(C2=CC=CC=C2)C3=C1C=CC(Cl)=C3
52,Clomethiazole,Substrate,CC1=C(CCCl)SC=N1
53,Clomipramine,Substrate,CN(C)CCCN1C2=CC=CC=C2CCC3=CC=C(Cl)C=C13
54,Clopidogrel,Substrate,COC(=O)[C@@H](N1CCC2=C(C1)C=CS2)C3=C(Cl)C=CC=C3
55,Clotiazepam,Substrate,CCC1=CC2=C(S1)N(C)C(=O)CN=C2C3=C(Cl)C=CC=C3
56,Clotrimazole,Inhibitor,ClC1=C(C=CC=C1)C(N2C=CN=C2)(C3=CC=CC=C3)C4=CC=CC=C4
57,Clozapine,Inhibitor,CN1CCN(CC1)C2=NC3=C(NC4=C2C=CC=C4)C=CC(Cl)=C3
58,Clozapine,Substrate,CN1CCN(CC1)C2=NC3=C(NC4=C2C=CC=C4)C=CC(Cl)=C3
59,Colecalciferol,Inhibitor,CC(C)CCC[C@@H](C)[C@H]1CC[C@H]2C(CCC[C@]12C)=CC=C3C[C@@H](O)CCC3=C
60,Cyclophosphamide,Substrate,ClCCN(CCCl)[P@]1(=O)NCCCO1
61,Dapsone,Substrate,NC1=CC=C(C=C1)S(=O)(=O)C2=CC=C(N)C=C2
62,Delavirdine,Inhibitor,CC(C)NC1=CC=CN=C1N2CCN(CC2)C(=O)C3=CC4=CC(NS(C)(=O)=O)=CC=C4N3
63,Desipramine,Substrate,CNCCCN1C2=C(CCC3=C1C=CC=C3)C=CC=C2
64,Desipramine,Inhibitor,CNCCCN1C2=C(CCC3=C1C=CC=C3)C=CC=C2
65,Desloratadine,Inhibitor,ClC1=CC2=C(C=C1)C(=C3CCNCC3)C4=C(CC2)C=CC=N4
66,Desogestrel,Substrate,CC[C@]12CC(=C)[C@H]3[C@@H](CCC4=CCCC[C@H]34)[C@@H]1CC[C@@]2(O)C#C
67,Dexamethasone,Inducer,C[C@@H]1C[C@H]2[C@@H]3CCC4=CC(=O)C=C[C@]4(C)[C@@]3(F)[C@@H](O)C[C@]2(C)[C@@]1(O)C(=O)CO
68,Dexfenfluramine,Inhibitor,CCN[C@@H](C)CC1=CC(=CC=C1)C(F)(F)F
69,Dextromethorphan,Substrate,COC1=CC2=C(C[C@H]3[C@H]4CCCC[C@@]24CCN3C)C=C1
70,Diazepam,Inhibitor,CN1C(=O)CN=C(C2=CC=CC=C2)C3=C1C=CC(Cl)=C3
71,Diazepam,Substrate,CN1C(=O)CN=C(C2=CC=CC=C2)C3=C1C=CC(Cl)=C3
72,Diclofenac,Substrate,OC(=O)CC1=CC=CC=C1NC2=C(Cl)C=CC=C2Cl
73,Diethyltoluamide,Substrate,CCN(CC)C(=O)C1=CC=CC(C)=C1
74,Dimethyl Sulfoxide,Inhibitor,CS(C)=O
75,Dopamine,Substrate,NCCC1=CC(O)=C(O)C=C1
76,Doxazosin,Substrate,COC1=CC2=C(C=C1OC)C(N)=NC(=N2)N3CCN(CC3)C(=O)[C@@H]4COC5=C(O4)C=CC=C5
77,Doxepin,Substrate,CN(C)CCC=C1/C2=C(COC3=C1C=CC=C3)C=CC=C2
78,Dronabinol,Substrate,CCCCCC1=CC2=C([C@@H]3C=C(C)CC[C@H]3C(C)(C)O2)C(O)=C1
79,Efavirenz,Inhibitor,FC(F)(F)[C@]1(OC(=O)NC2=CC=C(Cl)C=C12)C#C[C@H]3CC3
80,Entacapone,Inhibitor,CCN(CC)C(=O)C(=CC1=CC(=C(O)C(O)=C1)[N+]([O-])=O)C#N
81,Escitalopram,Substrate,CN(C)CCC[C@]1(OCC2=CC(=CC=C12)C#N)C3=CC=C(F)C=C3
82,Esomeprazole,Substrate,COC1=CC2=C([N-]C(=N2)S(=O)CC3=NC=C(C)C(OC)=C3C)C=C1
83,Estradiol,Substrate,C[C@@]12CC[C@H]3[C@@H](CCC4=C3C=CC(O)=C4)[C@@H]1CC[C@H]2O
84,Ethanol,Inhibitor,CCO
85,Ethinylestradiol,Inhibitor,C[C@]12CC[C@H]3[C@@H](CCC4=C3C=CC(O)=C4)[C@@H]1CC[C@@]2(O)C#C
86,Ethinylestradiol,Substrate,C[C@]12CC[C@H]3[C@@H](CCC4=C3C=CC(O)=C4)[C@@H]1CC[C@@]2(O)C#C
87,Ethotoin,Inhibitor,CCN1C(=O)N[C@H](C1=O)C2=CC=CC=C2
88,Etizolam,Substrate,CCC1=CC2=C(S1)N3C(C)=NN=C3CN=C2C4=C(Cl)C=CC=C4
89,Etoricoxib,Inhibitor,CC1=NC=C(C=C1)C2=C(C=C(Cl)C=N2)C3=CC=C(C=C3)S(C)(=O)=O
90,Famotidine,Substrate,NC(N)=NC1=NC(CSCCC(N)=N/S(N)(=O)=O)=CS1
91,Felbamate,Inhibitor,NC(=O)OCC(COC(N)=O)C1=CC=CC=C1
92,Fenofibrate,Inhibitor,CC(C)OC(=O)C(C)(C)OC1=CC=C(C=C1)C(=O)C2=CC=C(Cl)C=C2
93,Fluconazole,Inhibitor,OC(CN1C=NC=N1)(CN2C=NC=N2)C3=C(F)C=C(F)C=C3
94,Flunitrazepam,Substrate,CN1C(=O)CN=C(C2=C(F)C=CC=C2)C3=C1C=CC(=C3)[N+]([O-])=O
95,Fluoxetine,Substrate,CNCC[C@@H](OC1=CC=C(C=C1)C(F)(F)F)C2=CC=CC=C2
96,Fluoxetine,Inhibitor,CNCC[C@@H](OC1=CC=C(C=C1)C(F)(F)F)C2=CC=CC=C2
97,Flutamide,Substrate,CC(C)C(=O)NC1=CC(=C(C=C1)[N+]([O-])=O)C(F)(F)F
98,Fluvoxamine,Inhibitor,COCCCCC(=N/OCCN)C1=CC=C(C=C1)C(F)(F)F
99,Formoterol,Substrate,COC1=CC=C(C[C@H](C)NC[C@@H](O)C2=CC=C(O)C(NC=O)=C2)C=C1
100,Fosamprenavir,Inhibitor,CC(C)CN(C[C@@H](OP(O)(O)=O)[C@H](CC1=CC=CC=C1)NC(=O)O[C@H]2CCOC2)S(=O)(=O)C3=CC=C(N)C=C3
101,Fosphenytoin,Inhibitor,OP(O)(=O)OCN1C(=O)N[C@](C1=O)(C2=CC=CC=C2)C3=CC=CC=C3
102,Fosphenytoin,Substrate,OP(O)(=O)OCN1C(=O)N[C@](C1=O)(C2=CC=CC=C2)C3=CC=CC=C3
103,Gefitinib,Inhibitor,COC1=CC2=NC=NC(NC3=CC=C(F)C(Cl)=C3)=C2C=C1OCCCN4CCOCC4
104,Gemfibrozil,Inhibitor,CC1=CC(OCCCC(C)(C)C(O)=O)=C(C)C=C1
105,Glibenclamide,Substrate,COC1=C(C=C(Cl)C=C1)C(=O)NCCC2=CC=C(C=C2)S(=O)(=O)NC(=O)N[C@H]3CCCCC3
106,Gliclazide,Inhibitor,CC1=CC=C(C=C1)S(=O)(=O)NC(=O)NN2C[C@@H]3CCC[C@@H]3C2
107,Glipizide,Substrate,CC1=CC=C(N=C1)C(=O)NCCC2=CC=C(C=C2)S(=O)(=O)NC(=O)N[C@H]3CCCCC3
108,Glucosamine,Substrate,N[C@@H]1[C@@H](O)O[C@@H](CO)[C@H](O)[C@H]1O
109,Haloperidol,Substrate,O[C@@]1(CCN(CCCC(=O)C2=CC=C(F)C=C2)CC1)C3=CC=C(Cl)C=C3
110,Hexobarbital,Substrate,CN1C(O)=NC(=O)[C@@](C)(C2=CCCCC2)C1=O
111,Ibuprofen,Substrate,CC(C)CC1=CC=C(C=C1)[C@H](C)C(O)=O
112,Ifosfamide,Substrate,ClCCN[P@@]1(=O)OCCCN1CCCl
113,Imatinib,Substrate,CN1CCN(CC1)CC2=CC=C(C=C2)C(=O)NC3=CC(NC4=NC=CC(=N4)C5=CC=CN=C5)=C(C)C=C3
114,Imipramine,Inhibitor,CN(C)CCCN1C2=C(CCC3=C1C=CC=C3)C=CC=C2
115,Imipramine,Substrate,CN(C)CCCN1C2=C(CCC3=C1C=CC=C3)C=CC=C2
116,Indinavir,Inhibitor,CC(C)(C)NC(=O)[C@@H]1CN(CCN1C[C@@H](O)C[C@@H](CC2=CC=CC=C2)C(=O)N[C@@H]3[C@H](O)CC4=C3C=CC=C4)CC5=CC=CN=C5
117,Indometacin,Inhibitor,COC1=CC2=C(C=C1)N(C(C)=C2CC(O)=O)C(=O)C3=CC=C(Cl)C=C3
118,Indometacin,Substrate,COC1=CC2=C(C=C1)N(C(C)=C2CC(O)=O)C(=O)C3=CC=C(Cl)C=C3
119,Ipriflavone,Inhibitor,CC(C)OC1=CC2=C(C=C1)C(=O)C(=CO2)C3=CC=CC=C3
120,Isoniazid,Inhibitor,NNC(=O)C1=CC=NC=C1
121,Isopropanol,Inhibitor,CC(C)O
122,Ketobemidone,Substrate,CCC(=O)[C@@]1(CCN(C)CC1)C2=CC(O)=CC=C2
123,Ketoconazole,Inhibitor,CC(=O)N1CCN(CC1)C2=CC=C(OC[C@@H]3CO[C@](CN4C=CN=C4)(O3)C5=C(Cl)C=C(Cl)C=C5)C=C2
124,Lafutidine,Inhibitor,O=C(CS(=O)CC1=CC=CO1)NCC=C/COC2=NC=CC(CN3CCCCC3)=C2
125,Lansoprazole,Substrate,CC1=C(CS(=O)C2=NC3=C(N2)C=CC=C3)N=CC=C1OCC(F)(F)F
126,Lansoprazole,Inhibitor,CC1=C(CS(=O)C2=NC3=C(N2)C=CC=C3)N=CC=C1OCC(F)(F)F
127,Lopinavir,Inhibitor,CC(C)[C@H](N1CCCNC1=O)C(=O)N[C@H](C[C@H](O)[C@H](CC2=CC=CC=C2)NC(=O)COC3=C(C)C=CC=C3C)CC4=CC=CC=C4
128,Loratadine,Inducer,CCOC(=O)N1CCC(CC1)=C2/C3=C(CCC4=C2N=CC=C4)C=C(Cl)C=C3
129,Loratadine,Inhibitor,CCOC(=O)N1CCC(CC1)=C2/C3=C(CCC4=C2N=CC=C4)C=C(Cl)C=C3
130,Losartan,Inhibitor,CCCCC1=NC(Cl)=C(CO)N1CC2=CC=C(C=C2)C3=C(C=CC=C3)C4=NN=NN4
131,Lumiracoxib,Substrate,CC1=CC(CC(O)=O)=C(NC2=C(Cl)C=CC=C2F)C=C1
132,Lynestrenol,Inducer,C[C@]12CC[C@H]3[C@@H](CCC4=CCCC[C@H]34)[C@@H]1CC[C@@]2(O)C#C
133,Lynestrenol,Substrate,C[C@]12CC[C@H]3[C@@H](CCC4=CCCC[C@H]34)[C@@H]1CC[C@@]2(O)C#C
134,Medazepam,Substrate,CN1CCN=C(C2=CC=CC=C2)C3=C1C=CC(Cl)=C3
135,Medrysone,Inhibitor,C[C@H]1C[C@@H]2[C@@H]3CC[C@H](C(C)=O)[C@@]3(C)C[C@@H](O)[C@H]2[C@@]4(C)CCC(=O)C=C14
136,Melatonin,Substrate,COC1=CC2=C(NC=C2CCNC(C)=O)C=C1
137,Memantine,Inhibitor,C[C@]12C[C@@H]3C[C@](C)(C1)C[C@@](N)(C3)C2
138,Mephenytoin,Inhibitor,CC[C@]1(NC(=O)N(C)C1=O)C2=CC=CC=C2
139,Mephenytoin,Substrate,CC[C@]1(NC(=O)N(C)C1=O)C2=CC=CC=C2
140,Meprobamate,Substrate,CCCC(C)(COC(N)=O)COC(N)=O
141,Mesuximide,Inhibitor,CN1C(=O)C[C@](C)(C1=O)C2=CC=CC=C2
142,Mesuximide,Substrate,CN1C(=O)C[C@](C)(C1=O)C2=CC=CC=C2
143,Methadone,Substrate,CCC(=O)C(C[C@H](C)N(C)C)(C1=CC=CC=C1)C2=CC=CC=C2
144,Methazolamide,Inhibitor,CN1N=C(SC1=NC(C)=O)S(N)(=O)=O
145,Methylphenobarbital,Inhibitor,CC[C@]1(C(=O)NC(=O)N(C)C1=O)C2=CC=CC=C2
146,Methylphenobarbital,Substrate,CC[C@]1(C(=O)NC(=O)N(C)C1=O)C2=CC=CC=C2
147,Metoprolol,Substrate,COCCC1=CC=C(OC[C@H](O)CNC(C)C)C=C1
148,Miconazole,Inhibitor,ClC1=CC=C(CO[C@H](CN2C=CN=C2)C3=CC=C(Cl)C=C3Cl)C(Cl)=C1
149,Moclobemide,Substrate,ClC1=CC=C(C=C1)C(=O)NCCN2CCOCC2
150,Moclobemide,Inhibitor,ClC1=CC=C(C=C1)C(=O)NCCN2CCOCC2
151,Modafinil,Inducer,NC(=O)CS(=O)C(C1=CC=CC=C1)C2=CC=CC=C2
152,Modafinil,Inhibitor,NC(=O)CS(=O)C(C1=CC=CC=C1)C2=CC=CC=C2
153,Nelfinavir,Inhibitor,CC1=C(C=CC=C1O)C(=O)N[C@@H](CSC2=CC=CC=C2)[C@H](O)CN3C[C@H]4CCCC[C@H]4C[C@H]3C(=O)NC(C)(C)C
154,Nelfinavir,Substrate,CC1=C(C=CC=C1O)C(=O)N[C@@H](CSC2=CC=CC=C2)[C@H](O)CN3C[C@H]4CCCC[C@H]4C[C@H]3C(=O)NC(C)(C)C
155,Nicardipine,Inhibitor,COC(=O)C1=C(C)NC(C)=C([C@@H]1C2=CC(=CC=C2)[N+]([O-])=O)C(=O)OCCN(C)CC3=CC=CC=C3
156,Nicotine,Substrate,CN1CCC[C@H]1C2=CC=CN=C2
157,Nilutamide,Inhibitor,CC1(C)NC(=O)N(C2=CC(=C(C=C2)[N+]([O-])=O)C(F)(F)F)C1=O
158,Nilutamide,Substrate,CC1(C)NC(=O)N(C2=CC(=C(C=C2)[N+]([O-])=O)C(F)(F)F)C1=O
159,Nilvadipine,Inhibitor,COC(=O)C1=C(NC(C)=C([C@H]1C2=CC(=CC=C2)[N+]([O-])=O)C(=O)OC(C)C)C#N
160,Nordazepam,Substrate,ClC1=CC2=C(NC(=O)CN=C2C3=CC=CC=C3)C=C1
161,Norethisterone,Inducer,C[C@]12CC[C@H]3[C@@H](CCC4=CC(=O)CC[C@H]34)[C@@H]1CC[C@@]2(O)C#C
162,Nortriptyline,Substrate,CNCCC=C1/C2=C(CCC3=C1C=CC=C3)C=CC=C2
163,Noscapine,Inhibitor,COC1=C(OC)C2=C(C=C1)[C@@H](OC2=O)[C@@H]3N(C)CCC4=CC5=C(OCO5)C(OC)=C34
164,Olanzapine,Inhibitor,CN1CCN(CC1)C2=NC3=C(NC4=C2C=C(C)S4)C=CC=C3
165,Omeprazole,Inducer,COC1=CC2=C(NC(=N2)S(=O)CC3=C(C)C(OC)=C(C)C=N3)C=C1
166,Omeprazole,Inhibitor,COC1=CC2=C(NC(=N2)S(=O)CC3=C(C)C(OC)=C(C)C=N3)C=C1
167,Omeprazole,Substrate,COC1=CC2=C(NC(=N2)S(=O)CC3=C(C)C(OC)=C(C)C=N3)C=C1
168,Orphenadrine (citrate),Inhibitor,CN(C)CCO[C@H](C1=CC=CC=C1)C2=C(C)C=CC=C2
169,Oxcarbazepine,Inhibitor,NC(=O)N1C2=C(CC(=O)C3=C1C=CC=C3)C=CC=C2
170,Pantoprazole,Inhibitor,COC1=C(OC)C(CS(=O)C2=NC3=CC(OC(F)F)=CC=C3N2)=NC=C1
171,Pantoprazole,Substrate,COC1=C(OC)C(CS(=O)C2=NC3=CC(OC(F)F)=CC=C3N2)=NC=C1
172,Paroxetine,Inhibitor,FC1=CC=C(C=C1)[C@@H]2CCNC[C@H]2COC3=CC4=C(OCO4)C=C3
173,Pentobarbital,Substrate,CCC[C@@H](C)[C@@]1(CC)C(=O)NC(=O)NC1=O
174,Perazine,Inhibitor,CN1CCN(CCCN2C3=C(SC4=C2C=CC=C4)C=CC=C3)CC1
175,Perazine,Substrate,CN1CCN(CCCN2C3=C(SC4=C2C=CC=C4)C=CC=C3)CC1
176,Perphenazine,Substrate,OCCN1CCN(CCCN2C3=C(SC4=C2C=C(Cl)C=C4)C=CC=C3)CC1
177,Pethidine,Substrate,CCOC(=O)[C@@]1(CCN(C)CC1)C2=CC=CC=C2
178,Phenacetin,Substrate,CCOC1=CC=C(NC(C)=O)C=C1
179,Phenazone,Inhibitor,CN1N(C(=O)C=C1C)C2=CC=CC=C2
180,Phenazone,Substrate,CN1N(C(=O)C=C1C)C2=CC=CC=C2
181,Phenelzine,Inhibitor,NNCCC1=CC=CC=C1
182,Phenelzine,Substrate,NNCCC1=CC=CC=C1
183,Phenobarbital,Inducer,CC[C@@]1(C(=O)NC(=O)NC1=O)C2=CC=CC=C2
184,Phenobarbital,Substrate,CC[C@@]1(C(=O)NC(=O)NC1=O)C2=CC=CC=C2
185,Phensuximide,Inhibitor,CN1C(=O)C[C@@H](C1=O)C2=CC=CC=C2
186,Phenytoin,Inducer,O=C1NC(=O)[C@](N1)(C2=CC=CC=C2)C3=CC=CC=C3
187,Phenytoin,Substrate,O=C1NC(=O)[C@](N1)(C2=CC=CC=C2)C3=CC=CC=C3
188,Pimozide,Inhibitor,FC1=CC=C(C=C1)C(CCCN2CC[C@@H](CC2)N3C(=O)NC4=C3C=CC=C4)C5=CC=C(F)C=C5
189,Pioglitazone,Inhibitor,CCC1=CC=C(CCOC2=CC=C(C[C@@H]3SC(=O)NC3=O)C=C2)N=C1
190,Podophyllotoxin,Substrate,COC1=CC(=CC(OC)=C1OC)[C@@H]2[C@H]3[C@@H](COC3=O)CC4=C2C=C5OCOC5=C4
191,Praziquantel,Substrate,O=C1CN(C[C@H]2N1CCC3=C2C=CC=C3)C(=O)[C@H]4CCCCC4
192,Primidone,Inducer,CC[C@@]1(C(=O)NCNC1=O)C2=CC=CC=C2
193,Primidone,Substrate,CC[C@@]1(C(=O)NCNC1=O)C2=CC=CC=C2
194,Probenecid,Inhibitor,CCCN(CCC)S(=O)(=O)C1=CC=C(C=C1)C(O)=O
195,Progesterone,Inhibitor,CC(=O)[C@@H]1CC[C@@H]2[C@H]3CCC4=CC(=O)CC[C@@]4(C)[C@@H]3CC[C@]12C
196,Progesterone,Substrate,CC(=O)[C@@H]1CC[C@@H]2[C@H]3CCC4=CC(=O)CC[C@@]4(C)[C@@H]3CC[C@]12C
197,Proguanil,Substrate,CC(C)NC(=N)NC(=N)NC1=CC=C(Cl)C=C1
198,Promazine,Substrate,CN(C)CCCN1C2=C(SC3=C1C=CC=C3)C=CC=C2
199,Propofol,Substrate,CC(C)C1=CC=CC(C(C)C)=C1O
200,Propranolol,Substrate,CC(C)NC[C@@H](O)COC1=C2C=CC=CC2=CC=C1
201,Quazepam,Substrate,FC1=C(C=CC=C1)C2=NCC(=S)N(CC(F)(F)F)C3=C2C=C(Cl)C=C3
202,Quetiapine,Substrate,OCCOCCN1CCN(CC1)C2=NC3=C(SC4=C2C=CC=C4)C=CC=C3
203,Rabeprazole,Inhibitor,COCCCOC1=C(C)C(CC(=O)C2=NC3=C(N2)C=CC=C3)=NC=C1
204,Rabeprazole,Substrate,COCCCOC1=C(C)C(CC(=O)C2=NC3=C(N2)C=CC=C3)=NC=C1
205,Ranitidine,Substrate,CNC(NCCSCC1=CC=C(CN(C)C)O1)=C/[N+]([O-])=O
206,Retinol (vit A),Inhibitor,CC(=C/CO)C=CC=C(C)C=CC1=C(C)CCCC1(C)C
207,Rifampicin,Substrate,CO[C@H]1C=CO[C@@]2(C)OC3=C(C2=O)C4=C(O)C(C=NN5CCN(C)CC5)=C(NC(=O)C(C)=CC=C[C@H](C)[C@H](O)[C@@H](C)[C@@H](O)[C@@H](C)[C@H](OC(C)=O)[C@@H]1C)C(O)=C4C(O)=C3C
208,Rifampicin,Inducer,CO[C@H]1C=CO[C@@]2(C)OC3=C(C2=O)C4=C(O)C(C=NN5CCN(C)CC5)=C(NC(=O)C(C)=CC=C[C@H](C)[C@H](O)[C@@H](C)[C@@H](O)[C@@H](C)[C@H](OC(C)=O)[C@@H]1C)C(O)=C4C(O)=C3C
209,Ritonavir,Inducer,CC(C)[C@@H](NC(=O)N(C)CC1=CSC(=N1)C(C)C)C(=O)N[C@H](C[C@H](O)[C@H](CC2=CC=CC=C2)NC(=O)OCC3=CN=CS3)CC4=CC=CC=C4
210,Ritonavir,Inhibitor,CC(C)[C@@H](NC(=O)N(C)CC1=CSC(=N1)C(C)C)C(=O)N[C@H](C[C@H](O)[C@H](CC2=CC=CC=C2)NC(=O)OCC3=CN=CS3)CC4=CC=CC=C4
211,Rosiglitazone,Inhibitor,CN(CCOC1=CC=C(C[C@@H]2SC(=O)NC2=O)C=C1)C3=NC=CC=C3
212,Saquinavir,Inhibitor,CC(C)(C)NC(=O)[C@@H]1C[C@H]2CCCC[C@@H]2CN1C[C@@H](O)[C@H](CC3=CC=CC=C3)NC(=O)[C@H](CC(N)=O)NC(=O)C4=NC5=CC=CC=C5C=C4
213,Selegiline,Substrate,C[C@H](CC1=CC=CC=C1)N(C)CC#C
214,Seratrodast,Inhibitor,CC1=C(C)C(=O)C([C@H](CCCCCC(O)=O)C2=CC=CC=C2)=C(C)C1=O
215,Seratrodast,Substrate,CC1=C(C)C(=O)C([C@H](CCCCCC(O)=O)C2=CC=CC=C2)=C(C)C1=O
216,Sertraline,Substrate,CN[C@H]1CC[C@@H](C2=CC(Cl)=C(Cl)C=C2)C3=C1C=CC=C3
217,Sertraline,Inhibitor,CN[C@H]1CC[C@@H](C2=CC(Cl)=C(Cl)C=C2)C3=C1C=CC=C3
218,Sildenafil,Inhibitor,CCCC1=NN(C)C2=C1N=C(NC2=O)C3=C(OCC)C=CC(=C3)S(=O)(=O)N4CCN(C)CC4
219,Sildenafil,Substrate,CCCC1=NN(C)C2=C1N=C(NC2=O)C3=C(OCC)C=CC(=C3)S(=O)(=O)N4CCN(C)CC4
220,Sulconazole,Inhibitor,ClC1=CC=C(CS[C@H](CN2C=CN=C2)C3=C(Cl)C=C(Cl)C=C3)C=C1
221,Sulfanilamide,Inhibitor,NC1=CC=C(C=C1)S(N)(=O)=O
222,Tamoxifen,Substrate,CCC(C1=CC=CC=C1)=C(/C2=CC=CC=C2)C3=CC=C(OCCN(C)C)C=C3
223,Telmisartan,Inhibitor,CCCC1=NC2=C(C)C=C(C=C2N1CC3=CC=C(C=C3)C4=C(C=CC=C4)C(O)=O)C5=NC6=CC=CC=C6N5C
224,Temazepam,Substrate,CN1C(=O)[C@H](O)N=C(C2=CC=CC=C2)C3=C1C=CC(Cl)=C3
225,Teniposide,Substrate,COC1=CC(=CC(OC)=C1O)[C@H]2[C@@H]3[C@H](COC3=O)[C@H](O[C@@H]4O[C@@H]5CO[C@H](O[C@H]5[C@H](O)[C@H]4O)C6=CC=CS6)C7=C2C=C8OCOC8=C7
226,Terbinafine,Substrate,CN(CC=CC#CC(C)(C)C)CC1=C2C=CC=CC2=CC=C1
227,Testosterone,Substrate,CCC(=O)O[C@H]1CC[C@H]2[C@@H]3CCC4=CC(=O)CC[C@]4(C)[C@H]3CC[C@]12C
228,Tetrabenazine,Inducer,COC1=CC2=C(C=C1OC)[C@@H]3CC(=O)[C@@H](CC(C)C)CN3CC2
229,Thalidomide,Substrate,O=C1CC[C@@H](N2C(=O)C3=CC=CC=C3C2=O)C(=O)N1
230,Thiamazole,Inhibitor,CN1C=CNC1=S
231,Thioridazine,Substrate,CSC1=CC2=C(SC3=C(C=CC=C3)N2CC[C@@H]4CCCCN4C)C=C1
232,Ticlopidine,Inhibitor,ClC1=C(CN2CCC3=C(C2)C=CS3)C=CC=C1
233,Timolol,Substrate,CC(C)(C)NC[C@H](O)COC1=NSN=C1N2CCOCC2
234,Tioconazole,Inhibitor,ClC1=CC(Cl)=C(C=C1)[C@@H](CN2C=CN=C2)OCC3=C(Cl)SC=C3
235,Tolbutamide,Substrate,CCCCNC(=O)NS(=O)(=O)C1=CC=C(C)C=C1
236,Tolperisone,Substrate,C[C@H](CN1CCCCC1)C(=O)C2=CC=C(C)C=C2
237,Tolterodine,Substrate,CC(C)N(CC[C@@H](C1=CC=CC=C1)C2=CC(C)=CC=C2O)C(C)C
238,Topiramate,Inhibitor,CC1(C)O[C@H]2CO[C@]3(COS(N)(=O)=O)OC(C)(C)O[C@H]3[C@H]2O1
239,Torasemide,Inhibitor,CC(C)NC(=O)NS(=O)(=O)C1=C(NC2=CC(C)=CC=C2)C=CN=C1
240,Trabectedin,Substrate,COC1=C(O)C=C2CCN[C@]3(CS[C@H]4[C@H]5[C@@H]6N(C)[C@@H](CC7=CC(C)=C(OC)C(O)=C67)[C@H](O)N5[C@@H](COC3=O)C8=C4C(OC(C)=O)=C(C)C9=C8OCO9)C2=C1
241,Tranylcypromine,Inhibitor,N[C@H]1C[C@@H]1C2=CC=CC=C2
242,Trimethadione,Substrate,CN1C(=O)OC(C)(C)C1=O
243,Trimipramine,Substrate,C[C@H](CN(C)C)CN1C2=C(CCC3=C1C=CC=C3)C=CC=C2
244,Troglitazone,Inhibitor,CC1=C(C)C2=C(CC[C@](C)(COC3=CC=C(C[C@@H]4SC(=O)NC4=O)C=C3)O2)C(C)=C1O
245,Troglitazone,Substrate,CC1=C(C)C2=C(CC[C@](C)(COC3=CC=C(C[C@@H]4SC(=O)NC4=O)C=C3)O2)C(C)=C1O
246,Troleandomycin,Inhibitor,CO[C@H]1C[C@@H](O[C@@H](C)[C@@H]1OC(C)=O)O[C@H]2[C@H](C)[C@@H](O[C@@H]3O[C@H](C)C[C@@H]([C@H]3OC(C)=O)N(C)C)[C@@H](C)C[C@@]4(CO4)C(=O)[C@H](C)[C@H](OC(C)=O)[C@@H](C)[C@@H](C)OC(=O)[C@@H]2C
247,Trospium,Inhibitor,OC(C(=O)O[C@@H]1C[C@@H]2CC[C@H](C1)[N@@]23CCCC3)(C4=CC=CC=C4)C5=CC=CC=C5
248,Valdecoxib,Inhibitor,CC1=C(C2=CC=C(C=C2)S(N)(=O)=O)C(=NO1)C3=CC=CC=C3
249,Valproic Acid,Inhibitor,CCCC(CCC)C(O)=O
250,Valproic Acid,Substrate,CCCC(CCC)C(O)=O
251,Venlafaxine,Substrate,COC1=CC=C(C=C1)[C@@H](CN(C)C)[C@@]2(O)CCCCC2
252,Verapamil,Substrate,COC1=C(OC)C=C(CCN(C)CCC[C@](C#N)(C(C)C)C2=CC(OC)=C(OC)C=C2)C=C1
253,Voriconazole,Inhibitor,C[C@@H](C1=NC=NC=C1F)[C@](O)(CN2C=NC=N2)C3=C(F)C=C(F)C=C3
254,Voriconazole,Substrate,C[C@@H](C1=NC=NC=C1F)[C@](O)(CN2C=NC=N2)C3=C(F)C=C(F)C=C3
255,Warfarin,Substrate,CC(=O)C[C@H](C1=CC=CC=C1)C2=C(O)C3=C(OC2=O)C=CC=C3
256,Warfarin,Inhibitor,CC(=O)C[C@H](C1=CC=CC=C1)C2=C(O)C3=C(OC2=O)C=CC=C3
257,Zafirlukast,Inhibitor,COC1=C(CC2=CN(C)C3=C2C=C(NC(=O)O[C@H]4CCCC4)C=C3)C=CC(=C1)C(=O)NS(=O)(=O)C5=CC=CC=C5C
258,Zidovudine,Substrate,CC1=CN([C@H]2C[C@H](N=[N+]=[N-])[C@@H](CO)O2)C(=O)NC1=O
259,Zolpidem,Substrate,CN(C)C(=O)CC1=C(N=C2C=CC(C)=CN12)C3=CC=C(C)C=C3
260,Zonisamide,Inhibitor,NS(=O)(=O)CC1=NOC2=C1C=CC=C2
261,Zonisamide,Substrate,NS(=O)(=O)CC1=NOC2=C1C=CC=C2
262,Zotepine,Substrate,CN(C)CCOC1=CC2=CC=CC=C2SC3=C1C=C(Cl)C=C3
263,11_oxo_delta_8_tetrahydro_cannabinol,Substrate,CCCCCC1=CC2=C([C@@H]3CC(=CC[C@H]3C(C)(C)O2)C=O)C(=C1)O
264,18_methoxy_coronaridine,Substrate,COCC[C@H]1CC2CN3CCC4=C([NH]C5=CC=CC=C45)[C@](C2)(C13)C(=O)OC
265,2_oxo_ticlopidine,Substrate,ClC1=CC=CC=C1CN2CCC3SC(=O)C=C3C2
266,2n_propylquinoline,Substrate,CCCC1=CC=C2C=CC=CC2=N1
267,3_O_methyl_fluorescein,Substrate,COC1=CC=C2C(=C1)OC3=CC(=CC=C3C24OC(=O)C5=CC=CC=C45)O
268,4_chloro_7_ethoxycoumarin,Substrate,CCOC1=CC=C2C(=C[C](=O)OC2=C1)Cl
269,4prime_hydroxy_clobazam,Substrate,CN1C(=O)CC(=O)N(C2=CC=C(O)C=C2)C3=CC(=CC=C13)Cl
270,5_hydroxy_tryptamine,Substrate,NCCC1=C[NH]C2=CC=C(O)C=C12
271,5beta_cholestane_3alpha_7alpha_12alpha_triol,Substrate,CC(C)CCC[C@@H](C)[C@@H]1CC[C@H]2[C@@H]3[C@H](O)C[C@@H]4C[C@H](O)CC[C@@]4(C)[C@@H]3C[C@H](O)[C@]12C
272,7_benzyloxy_4_trifluoromethyl_coumarin,Substrate,FC(F)(F)C1=C[C](=O)OC2=CC(=CC=C12)OCC3=CC=CC=C3
273,9_anthraldehyde,Substrate,O=CC1=C2C=CC=CC2=CC3=CC=CC=C13
274,ABT_438,Substrate,C[C@@H](NC(N)=O)C#CC1=CC=C(CC2=CC=C(F)C=C2)S1
275,almotriptan,Substrate,CN(C)CCC1=C[NH]C2=CC=C(C[S](=O)(=O)N3CCCC3)C=C12
276,amiodarone,Substrate,CCCCC1=C(C(=O)C2=CC(=C(OCCN(CC)CC)C(=C2)I)I)C3=C(O1)C=CC=C3
277,amitriptyline,Substrate,CN(C)CCC=C1C2=CC=CC=C2CCC3=CC=CC=C13
278,amodiaquine,Substrate,CCN(CC)CC1=CC(=CC=C1O)NC2=CC=NC3=CC(=CC=C23)Cl
279,atomoxetine,Substrate,CNCC[C@@H](OC1=C(C)C=CC=C1)C2=CC=CC=C2
280,atrazine,Substrate,CCNC1=NC(=NC(=N1)Cl)NC(C)C
281,azelastine,Substrate,CN1CCC[C@@H](CC1)[N]2N=C(CC3=CC=C(Cl)C=C3)C4=C(C=CC=C4)[C]2=O
282,azinphosmethyl,Substrate,CO[P](=S)(OC)SC[N]1N=NC2=CC=CC=C2[C]1=O
283,BDB,Substrate,CCC(N)CC1=CC=C2OCOC2=C1
284,BMAMC,Substrate,CCCCNCC1=C[C](=O)OC2=CC(=CC=C12)OC
285,bortezomib,Substrate,CC(C)C[C@H](NC(=O)[C@H](CC1=CC=CC=C1)NC(=O)C2=CN=CC=N2)B(O)O
286,BPR_0L075,Substrate,COC1=CC=C2C(=C1)[NH]C=C2C(=O)C3=CC(=C(OC)C(=C3)OC)OC
287,bufuralol_R,Substrate,CCC1=C2OC(=CC2=CC=C1)[C@H](O)CNC(C)(C)C
288,bupivacaine_R,Substrate,CCCCN1CCCC[C@@H]1C(=O)NC2=C(C)C=CC=C2C
289,carbaryl,Substrate,CNC(=O)OC1=CC=CC2=C1C=CC=C2
290,carbofuran,Substrate,CNC(=O)OC1=C2OC(C)(C)CC2=CC=C1
291,catechol_methoxychlor,Substrate,COC1=CC=C(C=C1)C(C2=CC=C(O)C(=C2)O)C(Cl)(Cl)Cl
292,celecoxib,Substrate,CC1=CC=C(C=C1)C2=CC(=N[N]2C3=CC=C(C=C3)[S](N)(=O)=O)C(F)(F)F
293,chlorpyrifos,Substrate,CCO[P](=S)(OCC)OC1=NC(=C(Cl)C=C1Cl)Cl
294,citalopram_R,Substrate,CN(C)CCC[C@@]1(OCC2=C1C=CC(=C2)C#N)C3=CC=C(F)C=C3
295,clomipramine,Substrate,CN(C)CCCN1C2=CC=CC=C2CCC3=CC=C(Cl)C=C13
296,clopidogrel,Substrate,COC(=O)[C@@H](N1CCC2=C(C1)C=CS2)C3=CC=CC=C3Cl
297,clozapine,Substrate,CN1CCN(CC1)C2=NC3=C(NC4=C2C=CC=C4)C=CC(=C3)Cl
298,cp_677_623,Substrate,COC1=CC=C(OC(F)(F)F)C=C1CN
299,dapsone,Substrate,NC1=CC=C(C=C1)[S](=O)(=O)C2=CC=C(N)C=C2
300,deoxy_podophyllotoxin,Substrate,COC1=C(OC)C(=CC(=C1)[C@@H]2[C@H]3[C@@H](COC3=O)CC4=CC5=C(OCO5)C=C24)OC
301,desogestrel,Substrate,CC[C@]12CC(=C)[C@H]3[C@@H](CCC4=CCCC[C@H]34)[C@@H]1CC[C@@]2(O)C#C
302,dextropropoxyphene,Substrate,CCC(=O)O[C@@](CC1=CC=CC=C1)([C@H](C)CN(C)C)C2=CC=CC=C2
303,diallylsulfide,Substrate,C=CCSSCC=C
304,diazepam,Substrate,CN1C(=O)CN=C(C2=CC=CC=C2)C3=CC(=CC=C13)Cl
305,diazinion,Substrate,CCO[P](=S)(OCC)OC1=NC(=NC(=C1)C)C(C)C
306,diclofenac,Substrate,OC(=O)CC1=CC=CC=C1NC2=C(Cl)C=CC=C2Cl
307,diethyl_meta_toluamide,Substrate,CCN(CC)C(=O)C1=CC(=CC=C1)C
308,dimemorfan,Substrate,CN1CC[C@@]23CCCC[C@@H]2[C@@H]1CC4=C3C=C(C)C=C4
309,DiMMAMC,Substrate,COC1=CC=C2C(=C[C](=O)OC2=C1)CN(C)C
310,diphenhydramine,Substrate,CN(C)CCOC(C1=CC=CC=C1)C2=CC=CC=C2
311,disulfoton,Substrate,CCO[P](=S)(OCC)SCCSCC
312,diuron,Substrate,CN(C)C(=O)NC1=CC=C(Cl)C(=C1)Cl
313,DMZ,Substrate,CN(C1=CC=N[N]1C2=CC=CC=C2)[S](=O)(=O)C3=CC=C(C)C=C3
314,domperidone,Substrate,ClC1=CC=C2[N](C3CCN(CCC[N]4[C](=O)[NH]C5=CC=CC=C45)CC3)[C](=O)[NH]C2=C1
315,DY_9760e,Substrate,COC1=CC2=C(C=C1OC)C(=N[N]2CC3=C[NH]C=N3)CCN4CCN(CC4)C5=CC=CC(=C5C)Cl
316,EMAMC,Substrate,CCNCC1=C[C](=O)OC2=CC(=CC=C12)OC
317,endosulfan,Substrate,ClC1=C(Cl)C2(Cl)C3CO[S](=O)OCC3C1(Cl)C2(Cl)Cl
318,ethanol,Substrate,CCO
319,ethinyl_estradiol,Substrate,C[C@]12CC[C@H]3[C@@H](CCC4=C3C=CC(=C4)O)[C@@H]1CC[C@@]2(O)C#C
320,eupatilin,Substrate,COC1=CC=C(C=C1OC)C2=C[C](=O)C3=C(O)C(=C(O)C=C3O2)OC
321,fipronil,Substrate,NC1=C(C(=N[N]1C2=C(Cl)C=C(C=C2Cl)C(F)(F)F)C#N)[S@](=O)C(F)(F)F
322,fluoxetine_R,Substrate,CNCC[C@@H](OC1=CC=C(C=C1)C(F)(F)F)C2=CC=CC=C2
323,fluticasone_proprionate,Substrate,CCC(=O)O[C@@]1([C@H](C)C[C@H]2[C@@H]3C[C@H](F)C4=CC(=O)C=C[C@]4(C)[C@@]3(F)[C@@H](O)C[C@]12C)C(=O)SCF
324,H_259_31_R,Substrate,FC1=CC=C2N=C([NH]C2=C1)[S@](=O)CC3=NC=CC(=C3)OCC4CC4
325,haloperidol,Substrate,OC1(CCN(CCCC(=O)C2=CC=C(F)C=C2)CC1)C3=CC=C(Cl)C=C3
326,harmaline,Substrate,COC1=CC2=C(C=C1)C3=C([NH]2)C(=NCC3)C
327,harmine,Substrate,COC1=CC=C2C(=C1)[NH]C3=C2C=CN=C3C
328,hexobarbital_R,Substrate,CN1C(=O)NC(=O)[C@](C)(C1=O)C2=CCCCC2
329,imidacloprid,Substrate,ClC1=NC=C(CN2CCN=C2N[N](=O)=O)C=C1
330,indole,Substrate,[NH]1C=CC2=CC=CC=C12
331,indomethacin,Substrate,COC1=CC=C2[N](C(=C(CC(O)=O)C2=C1)C)C(=O)C3=CC=C(Cl)C=C3
332,ipriflavone,Substrate,CC(C)OC1=CC=C2C(=C1)OC=C([C]2=O)C3=CC=CC=C3
333,licofelone,Substrate,CC1(C)C[N]2C(=C(C3=CC=C(Cl)C=C3)C(=C2C1)C4=CC=CC=C4)CC(O)=O
334,limonene_S,Substrate,CC(=C)[C@H]1CCC(=CC1)C
335,linalool,Substrate,CC(C)=CCCC(C)(O)C=C
336,LU_2509,Substrate,CC[N]1N=NC(=N1)C2=CCCN(C)C2
337,Lu_AA21004,Substrate,CC1=CC=C(SC2=CC=CC=C2N3CCNCC3)C(=C1)C
338,MAMC,Substrate,COC1=CC=C2C(=C[C](=O)OC2=C1)CN
339,melatonin,Substrate,COC1=CC=C2[NH]C=C(CCNC(C)=O)C2=C1
340,meperidine,Substrate,CCOC(=O)C1(CCN(C)CC1)C2=CC=CC=C2
341,mephenytoin_S,Substrate,CC[C@]1(NC(=O)N(C)C1=O)C2=CC=CC=C2
342,mesoridazine,Substrate,CN1CCCCC1CCN2C3=CC=CC=C3SC4=CC=C(C=C24)[S](C)=O
343,methadone_R,Substrate,CCC(=O)C(C[C@@H](C)N(C)C)(C1=CC=CC=C1)C2=CC=CC=C2
344,methiocarb,Substrate,CNC(=S)OC1=CC(=C(SC)C(=C1)C)C
345,ML_3403,Substrate,CSC1=NC(=C([NH]1)C2=CC=C(F)C=C2)C3=CC=NC(=C3)NC(C)C4=CC=CC=C4
346,ML_3603,Substrate,CC(NC1=NC=CC(=C1)C2=C(N=C([NH]2)[S](C)=O)C3=CC=C(F)C=C3)C4=CC=CC=C4
347,MMAMC,Substrate,CNCC1=C[C](=O)OC2=C1C=CC(=C2)OC
348,montelukast,Substrate,CC(C)(O)C1=CC=CC=C1CC[C@@H](SCC2(CC2)CC(O)=O)C3=CC=CC(=C3)\C=C\C4=CC=C5C=CC(=CC5=N4)Cl
349,MOPPP_R,Substrate,COC1=CC=C(C=C1)C(=O)[C@@H](C)N2CCCC2
350,muraglitazar,Substrate,COC1=CC=C(OC(=O)N(CC(O)=O)CC2=CC=C(OCCC3=C(C)OC(=N3)C4=CC=CC=C4)C=C2)C=C1
351,nabumetone,Substrate,COC1=CC=C2C=C(CCC(C)=O)C=CC2=C1
352,nelfinavir,Substrate,CC1=C(O)C=CC=C1C(=O)N[C@@H](CSC2=CC=CC=C2)[C@H](O)CN3C[C@H]4CCCC[C@H]4C[C@H]3C(=O)NC(C)(C)C
353,nicardipine_R,Substrate,COC(=O)C1=C(C)NC(=C([C@@H]1C2=CC=CC(=C2)[N](=O)=O)C(=O)OCCN(C)CC3=CC=CC=C3)C
354,NN_diamyl_nitrosoamine,Substrate,CCCCCN(CCCCC)N=O
355,NN_diethyl_nitrosoamine,Substrate,CCN(CC)N=O
356,NN_methyl_butyl_nitrosoamine,Substrate,CCCCN(C)N=O
357,NN_methyl_ethyl_nitrosoamine,Substrate,CCN(C)N=O
358,nordiazepam,Substrate,ClC1=CC=C2NC(=O)CN=C(C3=CC=CC=C3)C2=C1
359,norLAAM,Substrate,CC[C@H](OC(C)=O)C(C[C@H](C)NC)(C1=CC=CC=C1)C2=CC=CC=C2
360,OSU_6162,Substrate,CCCN1CCC[C@H](C1)C2=CC(=CC=C2)[S](C)(=O)=O
361,p_cresol,Substrate,CC1=CC=C(O)C=C1
362,parathion,Substrate,CCO[P](=S)(OCC)OC1=CC=C(C=C1)[N](=O)=O
363,phenprocoumon_S,Substrate,CC[C@@H](C1=CC=CC=C1)C2=C(O)C3=CC=CC=C3O[C]2=O
364,phenytoin,Substrate,O=C1NC(=O)C(N1)(C2=CC=CC=C2)C3=CC=CC=C3
365,phorate,Substrate,CCO[P](=S)(OCC)SCSCC
366,PMAMC,Substrate,CCCNCC1=C[C](=O)OC2=C1C=CC(=C2)OC
367,pregnenolone,Substrate,CC(=O)[C@H]1CC[C@H]2[C@@H]3CC=C4C[C@@H](O)CC[C@]4(C)[C@H]3CC[C@]12C
368,progesterone,Substrate,CC(=O)[C@H]1CC[C@H]2[C@@H]3CCC4=CC(=O)CC[C@]4(C)[C@H]3CC[C@]12C
369,propofol,Substrate,CC(C)C1=C(O)C(=CC=C1)C(C)C
370,quinine,Substrate,COC1=CC=C2N=CC=C([C@@H](O)[C@@H]3C[C@@H]4CC[N@]3C[C@@H]4C=C)C2=C1
371,R_95913,Substrate,FC1=CC=CC=C1C(N2CCC3SC(=O)C=C3C2)C(=O)C4CC4
372,rabeprazole_thioether,Substrate,COCCCOC1=CC=NC(=C1C)CSC2=NC3=CC=CC=C3[NH]2
373,ranitidine,Substrate,CN\C(NCCSCC1=CC=C(CN(C)C)O1)=C/[N](=O)=O
374,retinol,Substrate,CC(=C\CO)/C=C/C=C(C)/C=C/C1=C(C)CCCC1(C)C
375,selegiline,Substrate,C[C@H](CC1=CC=CC=C1)N(C)CC#C
376,seratrodast_R,Substrate,CC1=C(C)C(=O)C(=C(C)C1=O)[C@H](CCCCCC(O)=O)C2=CC=CC=C2
377,sertraline,Substrate,CN[C@H]1CC[C@@H](C2=CC(=C(Cl)C=C2)Cl)C3=C1C=CC=C3
378,sibutramine,Substrate,CC(C)CC(N(C)C)C1(CCC1)C2=CC=C(Cl)C=C2
379,sulfadiazine,Substrate,NC1=CC=C(C=C1)[S](=O)(=O)NC2=NC=CC=N2
380,sulprofos,Substrate,CCCS[P](=S)(OCC)OC1=CC=C(SC)C=C1
381,tauromustine,Substrate,CN(C)[S](=O)(=O)CCNC(=O)N(CCCl)N=O
382,tegafur,Substrate,FC1=C[N](C2CCCO2)[C](=O)[NH][C]1=O
383,temazepam,Substrate,CN1C(=O)C(O)N=C(C2=CC=CC=C2)C3=C1C=CC(=C3)Cl
384,terbinafine,Substrate,CN(C\C=C\C#CC(C)(C)C)CC1=CC=CC2=CC=CC=C12
385,terbutryn,Substrate,CCNC1=NC(=NC(=N1)SC)NC(C)(C)C
386,thalidomide,Substrate,O=C1CCC(N2C(=O)C3=CC=CC=C3C2=O)C(=O)N1
387,tienilic_acid_deriv_3,Substrate,OCCCOC1=CC=C(C(=C1Cl)Cl)C(=O)C2=CC=CS2
388,tolbutamide,Substrate,CCCCNC(=O)N[S](=O)(=O)C1=CC=C(C)C=C1
389,tolperisone_R,Substrate,C[C@H](CN1CCCCC1)C(=O)C2=CC=C(C)C=C2
390,tolterodine,Substrate,CC(C)N(CC[C@H](C1=CC=CC=C1)C2=CC(=CC=C2O)C)C(C)C
391,tramadol,Substrate,COC1=CC=CC(=C1)[C@@]2(O)CCCC[C@@H]2CN(C)C
392,V_11294,Substrate,CCNC1=C2N=C(N=C2[N](CC3=CC=C(OC)C(=C3)OC4CCCC4)C=N1)C(C)C
393,venlafaxine_R,Substrate,COC1=CC=C(C=C1)[C@H](CN(C)C)C2(O)CCCCC2
394,voriconazole,Substrate,C[C@@H](C1=NC=NC=C1F)[C@](O)(C[N]2C=NC=N2)C3=CC=C(F)C=C3F
395,zonisamide,Substrate,N[S](=O)(=O)CC1=NOC2=C1C=CC=C2
396,zopiclone_R,Substrate,CN1CCN(CC1)C(=O)O[C@H]2N(C(=O)C3=C2N=CC=N3)C4=CC=C(Cl)C=N4
397,zotepine,Substrate,CN(C)CCOC1=CC2=C(SC3=C1C=C(Cl)C=C3)C=CC=C2
398,13_cis_retinoic_acid,Substrate,CC1=C(\C=C\C(C)=C\C=C\C(C)=C/C(O)=O)C(C)(C)CCC1
399,2_hydroxy_indomethacin_phenethylamide,Substrate,COC1=CC=C2[N](C(=C(CC(=O)NCC(O)C3=CC=CC=C3)C2=C1)C)C(=O)C4=CC=C(Cl)C=C4
400,2_oxo_clopidogrel,Substrate,COC(=O)[C@@H](N1CCC2SC(=O)C=C2C1)C3=C(Cl)C=CC=C3
401,3_cyano_7_ethoxycoumarin,Substrate,CCOC1=CC=C2C=C(C#N)[C](=O)OC2=C1
402,3_methylether_estradiol,Substrate,COC1=CC=C2[C@H]3CC[C@]4(C)[C@@H](O)CC[C@H]4[C@@H]3CCC2=C1
403,7_ethoxy_4_trifluoro_methyl_coumarin,Substrate,CCOC1=CC=C2C(=C1)O[C](=O)C=C2C(F)(F)F
404,7_methoxy_3_cyano_coumarin,Substrate,COC1=CC=C2C=C(C#N)[C](=O)OC2=C1
405,7_methoxy_4_trifluoro_methyl_coumarin,Substrate,COC1=CC=C2C(=C1)O[C](=O)C=C2C(F)(F)F
406,9_cis_retinal,Substrate,CC(=C\C=O)/C=C/C=C(C)\C=C\C1=C(C)CCCC1(C)C
407,ABT_761,Substrate,C[C@H](C#CC1=CC=C(CC2=CC=C(F)C=C2)S1)N(O)C(N)=O
408,acenocoumarol_R,Substrate,CC(=O)C[C@H](C1=CC=C(C=C1)[N](=O)=O)C2=C(O)C3=C(O[C]2=O)C=CC=C3
409,all_trans_retinal,Substrate,CC(=C\C=O)/C=C/C=C(C)/C=C/C1=C(C)CCCC1(C)C
410,ametryne,Substrate,CCNC1=NC(=NC(=N1)SC)NC(C)C
411,bortezomib_M1_M2,Substrate,CC(C)CC(O)NC(=O)[C@H](CC1=CC=CC=C1)NC(=O)C2=NC=CN=C2
412,clobazam,Substrate,CN1C(=O)CC(=O)N(C2=CC=CC=C2)C3=CC(=CC=C13)Cl
413,delta_3_carene,Substrate,CC1=CC[C@H]2[C@H](C2(C)C)C1
414,dibenzyl_fluorescein,Substrate,O=C1OC2(C3=CC=C(OCC4=CC=CC=C4)C=C3OC5=CC(=CC=C25)OCC6=CC=CC=C6)C7=CC=CC=C17
415,diclofenac_deriv_2,Substrate,OCCC1=CC=CC=C1NC2=C(Cl)C=CC=C2Cl
416,flunitrazepam,Substrate,CN1C(=O)CN=C(C2=C(F)C=CC=C2)C3=C1C=CC(=C3)[N](=O)=O
417,flutamide,Substrate,CC(C)C(=O)NC1=CC(=C(C=C1)[N](=O)=O)C(F)(F)F
418,foxy,Substrate,COC1=CC=C2[NH]C=C(CCN(C(C)C)C(C)C)C2=C1
419,imipramine,Substrate,CN(C)CCCN1C2=CC=CC=C2CCC3=CC=CC=C13
420,indomethacin_phenethylamide,Substrate,COC1=CC=C2[N](C(=C(CC(=O)NCCC3=CC=CC=C3)C2=C1)C)C(=O)C4=CC=C(Cl)C=C4
421,LAAM,Substrate,CC[C@H](OC(C)=O)C(C[C@H](C)N(C)C)(C1=CC=CC=C1)C2=CC=CC=C2
422,lansoprazole_R,Substrate,CC1=C(OCC(F)(F)F)C=CN=C1C[S@@](=O)C2=NC3=CC=CC=C3[NH]2
423,MBDB,Substrate,CC[C@H](CC1=CC=C2OCOC2=C1)NC
424,MDPPP,Substrate,CC(N1CCCC1)C(=O)C2=CC=C3OCOC3=C2
425,methoxychlor,Substrate,COC1=CC=C(C=C1)C(C2=CC=C(OC)C=C2)C(Cl)(Cl)Cl
426,methyl_eugenol,Substrate,COC1=C(OC)C=C(CC=C)C=C1
427,mianserin_R,Substrate,CN1CCN2[C@@H](C1)C3=CC=CC=C3CC4=CC=CC=C24
428,mono_OH_methoxychlor,Substrate,COC1=CC=C(C=C1)C(C2=CC=C(O)C=C2)C(Cl)(Cl)Cl
429,morphine,Substrate,CN1CC[C@@]23[C@H]4OC5=C(O)C=CC(=C25)C[C@@H]1[C@@H]3C=C[C@@H]4O
430,MPBP,Substrate,CCC(N1CCCC1)C(=O)C2=CC=C(C)C=C2
431,N_desmethyl_clobazapam,Substrate,ClC1=CC=C2NC(=O)CC(=O)N(C3=CC=CC=C3)C2=C1
432,N_desmethyl_clomipramine,Substrate,CNCCCN1C2=CC=CC=C2CCC3=CC=C(Cl)C=C13
433,omeprazole_R,Substrate,COC1=CC=C2[NH]C(=NC2=C1)[S@](=O)CC3=NC=C(C)C(=C3C)OC
434,omeprazole_S,Substrate,COC1=CC=C2[NH]C(=NC2=C1)[S@@](=O)CC3=NC=C(C)C(=C3C)OC
435,org_30659_tosagestin,Substrate,C[C@]12CC(=C)[C@H]3[C@@H](CCC4=CC(=O)CC[C@H]34)[C@@H]1C=C[C@@]2(O)C#C
436,perazine,Substrate,CN1CCN(CCCN2C3=CC=CC=C3SC4=C2C=CC=C4)CC1
437,perphenazine,Substrate,OCCN1CCN(CCCN2C3=C(SC4=C2C=C(Cl)C=C4)C=CC=C3)CC1
438,phenprocoumon_R,Substrate,CC[C@H](C1=CC=CC=C1)C2=C(O)C3=CC=CC=C3O[C]2=O
439,promazine,Substrate,CN(C)CCCN1C2=CC=CC=C2SC3=CC=CC=C13
440,quazepam,Substrate,FC1=CC=CC=C1C2=NCC(=S)N(CC(F)(F)F)C3=CC=C(Cl)C=C23
441,terbutylazine,Substrate,CCNC1=NC(=NC(=N1)Cl)NC(C)(C)C
442,testosterone,Substrate,C[C@]12CC[C@H]3[C@@H](CCC4=CC(=O)CC[C@]34C)[C@@H]1CC[C@@H]2O
443,thioridazine_R,Substrate,CSC1=CC=C2SC3=CC=CC=C3N(CC[C@H]4CCCCN4C)C2=C1
444,ticlopidine,Substrate,ClC1=CC=CC=C1CN2CCC3=C(C2)C=CS3
445,warfarin_R,Substrate,CC(=O)C[C@H](C1=CC=CC=C1)C2=C(O)C3=C(O[C]2=O)C=CC=C3
446,warfarin_S,Substrate,CC(=O)C[C@@H](C1=CC=CC=C1)C2=C(O)C3=CC=CC=C3O[C]2=O